id,Class,cap-shape,cap-surface,cap-color,bruises,odor,gill-attachment,gill-spacing,gill-size,gill-color,stalk-shape,stalk-root,stalk-surface-above-ring,stalk-surface-below-ring,stalk-color-above-ring,stalk-color-below-ring,veil-type,veil-color,ring-number,ring-type,spore-print-color,population,habitat
2013,0,0,0,0,0,0,0,0,0,0,0,0,0,0,0,0,0,0,0,0,0,0,0
7009,0,1,0,1,0,0,0,0,0,1,1,1,0,1,0,0,0,0,1,1,1,1,0
5085,1,2,0,2,0,0,0,1,1,2,1,1,1,2,0,1,0,0,0,0,1,2,1
1417,0,1,1,0,0,0,0,0,0,3,0,0,2,0,0,0,0,0,0,0,0,0,0
6264,1,0,1,0,0,1,0,1,1,4,0,1,0,1,1,2,0,0,0,0,1,2,1
4786,1,0,2,3,0,2,0,1,0,5,1,1,1,1,2,2,0,0,0,2,2,2,0
4819,1,0,0,3,0,2,0,1,0,1,1,1,1,1,3,3,0,0,0,2,2,3,2
5916,0,0,2,4,1,0,0,1,0,6,1,1,0,0,0,0,0,0,1,0,1,4,3
3157,0,1,2,5,1,0,0,1,0,3,0,1,0,0,0,2,0,0,0,1,0,2,1
1765,1,1,1,1,1,3,0,1,1,3,1,0,0,0,0,0,0,0,0,1,3,1,4
6889,1,0,1,5,0,2,0,1,1,4,0,1,1,0,0,2,0,0,0,0,1,2,5
3630,1,1,0,3,0,2,0,1,0,1,1,1,1,1,2,1,0,0,0,2,2,3,2
2227,0,1,0,1,0,0,0,0,0,0,0,0,2,3,0,0,0,0,0,0,3,1,0
4656,1,0,0,2,0,2,0,1,0,7,1,1,1,1,2,1,0,0,0,2,2,3,0
1520,0,1,2,1,1,4,0,1,0,3,1,2,0,0,0,0,0,0,0,1,3,1,0
3691,0,0,2,3,1,0,0,1,0,2,0,1,0,0,0,2,0,0,0,1,3,2,1
3737,1,1,0,3,0,2,0,1,0,7,1,1,1,1,1,1,0,0,0,2,2,2,1
7798,1,2,2,5,0,5,0,1,1,4,0,1,1,0,1,0,0,0,0,0,1,2,1
3540,0,1,2,0,1,0,0,1,0,2,0,1,0,0,4,2,0,0,0,1,3,3,1
5552,1,1,1,4,1,2,0,1,0,2,0,1,2,3,0,0,0,0,0,1,2,1,0
372,0,1,1,2,1,6,0,1,0,2,1,2,0,0,0,0,0,0,0,1,0,1,6
8034,0,2,1,0,0,0,1,1,0,3,1,1,0,0,5,4,0,1,0,1,4,4,5
8073,0,2,1,0,0,0,1,1,0,3,1,1,0,0,5,4,0,2,0,1,5,2,5
4644,1,0,2,3,0,2,0,1,0,1,1,1,1,1,1,2,0,0,0,2,2,3,2
7759,0,3,1,0,0,0,1,1,0,8,1,1,0,0,5,4,0,1,0,1,3,2,5
198,0,1,2,1,1,4,0,1,0,3,1,2,0,0,0,0,0,0,0,1,3,1,6
6626,1,1,1,0,0,1,0,1,1,4,0,1,0,1,1,0,0,0,0,0,1,2,1
222,0,1,2,2,1,6,0,1,0,3,1,3,0,2,0,0,0,0,0,1,3,1,0
7122,1,1,1,5,0,5,0,1,1,4,0,1,0,0,1,0,0,0,0,0,1,2,1
5864,1,1,2,5,0,1,0,1,1,4,0,1,0,1,1,2,0,0,0,0,1,2,2
1836,0,1,2,0,1,0,0,1,0,2,0,1,0,0,1,5,0,0,0,1,3,3,1
5543,1,0,2,2,0,2,0,1,0,1,1,1,1,1,2,1,0,0,0,2,2,3,0
882,0,1,2,1,1,6,0,1,0,2,1,2,0,0,0,0,0,0,0,1,0,5,0
780,0,1,2,2,1,6,0,1,0,2,1,2,0,0,0,0,0,0,0,1,0,1,6
715,0,3,2,2,1,6,0,1,0,3,1,2,0,0,0,0,0,0,0,1,3,1,6
1023,0,1,2,1,1,6,0,1,0,2,1,2,0,0,0,0,0,0,0,1,3,1,6
2161,0,1,0,5,1,0,0,1,0,7,0,1,0,0,4,0,0,0,0,1,3,3,1
5063,1,1,1,1,1,2,0,1,0,7,0,1,0,3,0,0,0,0,0,1,2,1,4
7479,0,3,0,3,0,0,0,0,0,2,1,1,1,1,0,0,0,0,1,1,1,1,0
2765,0,1,0,3,1,0,0,1,0,3,0,1,0,0,0,2,0,0,0,1,3,2,1
5103,1,1,1,1,1,2,0,1,0,7,0,1,0,0,0,0,0,0,0,1,2,1,4
2650,0,0,2,5,1,0,0,1,0,3,0,1,0,0,1,5,0,0,0,1,3,3,1
4160,1,1,2,3,0,2,0,1,0,1,1,1,1,1,1,3,0,0,0,2,2,3,0
341,0,3,2,1,1,6,0,1,0,3,1,2,0,0,0,0,0,0,0,1,0,5,0
1318,0,3,1,2,1,4,0,1,0,3,1,2,0,0,0,0,0,0,0,1,0,1,6
2287,0,0,0,0,1,0,0,1,0,7,0,1,0,0,0,5,0,0,0,1,3,3,1
2539,1,1,0,3,0,2,0,1,0,5,1,1,1,1,3,1,0,0,0,2,2,3,1
5177,1,3,2,1,1,0,0,1,0,9,1,1,0,0,0,0,0,0,1,1,6,2,0
7049,1,2,1,5,0,5,0,1,1,4,0,1,1,0,1,2,0,0,0,0,1,2,5
400,0,3,2,1,1,4,0,1,0,2,1,2,0,0,0,0,0,0,0,1,3,5,0
3297,0,0,2,0,1,0,0,1,0,3,0,1,0,0,0,0,0,0,0,1,0,2,1
5380,1,1,2,2,0,2,0,1,0,7,1,1,1,1,2,3,0,0,0,2,2,2,2
1013,0,0,1,0,0,0,0,0,0,3,0,0,0,3,0,0,0,0,0,0,0,1,0
2806,0,1,0,5,1,0,0,1,0,3,0,1,0,0,1,2,0,0,0,1,0,3,1
5446,1,1,2,0,0,1,0,1,1,4,0,1,1,0,0,0,0,0,0,0,1,2,2
6947,1,2,2,5,0,5,0,1,1,4,0,1,0,0,1,2,0,0,0,0,1,2,2
2122,0,0,0,0,1,0,0,1,0,7,0,1,0,0,4,2,0,0,0,1,0,2,1
5,0,1,2,2,1,6,0,1,0,3,1,2,0,0,0,0,0,0,0,1,0,5,0
3064,1,1,2,2,0,2,0,1,0,1,1,1,1,1,2,3,0,0,0,2,2,3,2
3833,1,1,1,1,0,7,0,1,1,3,1,1,0,0,0,0,0,0,0,1,0,1,1
898,0,1,2,1,1,4,0,1,0,0,1,2,0,0,0,0,0,0,0,1,0,1,6
6526,1,0,1,0,0,5,0,1,1,4,0,1,1,0,0,0,0,0,0,0,1,2,5
5997,0,1,2,1,0,0,0,1,1,7,1,1,0,3,0,0,0,0,0,3,2,3,1
1991,0,1,0,3,1,0,0,1,0,7,0,1,0,0,1,2,0,0,0,1,3,2,1
7801,1,0,2,6,0,8,1,1,0,2,1,2,1,2,6,6,0,0,2,4,1,4,1
4924,1,1,0,2,0,2,0,1,0,1,1,1,1,1,1,2,0,0,0,2,2,3,0
7459,0,3,1,0,0,0,1,1,0,3,1,1,0,0,5,4,0,1,0,1,5,4,5
662,1,1,2,0,1,3,0,1,1,3,1,0,0,0,0,0,0,0,0,1,0,1,0
2925,0,1,2,3,1,0,0,1,0,2,0,1,0,0,0,0,0,0,0,1,3,3,1
6758,1,1,2,5,0,5,0,1,1,4,0,1,1,0,1,0,0,0,0,0,1,2,1
2524,0,1,2,3,1,0,0,1,0,3,0,1,0,0,0,2,0,0,0,1,3,3,1
5339,1,0,2,2,0,2,0,1,0,7,1,1,1,1,1,3,0,0,0,2,2,3,2
5306,0,0,2,5,1,0,0,1,0,2,1,1,0,0,7,0,0,0,1,0,1,4,3
2637,0,1,0,3,1,0,0,1,0,3,0,1,0,0,1,5,0,0,0,1,3,2,1
293,0,3,2,1,1,4,0,1,0,0,1,2,0,0,0,0,0,0,0,1,3,1,0
2758,0,0,0,0,1,0,0,1,0,7,0,1,0,0,1,0,0,0,0,1,0,3,1
3028,0,0,0,5,1,0,0,1,0,7,0,1,0,0,0,2,0,0,0,1,3,3,1
1787,0,1,1,3,0,0,0,0,0,5,0,0,2,3,0,0,0,0,0,0,0,0,0
2114,0,1,2,3,1,0,0,1,0,7,0,1,0,0,0,0,0,0,0,1,0,2,1
7484,1,2,1,0,0,5,0,1,1,4,0,1,1,0,0,0,0,0,0,0,1,2,5
2876,0,0,0,3,1,0,0,1,0,3,0,1,0,0,4,0,0,0,0,1,0,3,1
127,0,0,0,3,0,0,0,0,0,5,0,0,0,0,0,0,0,0,0,0,3,0,0
5806,1,0,1,4,1,2,0,1,0,5,0,1,2,3,0,0,0,0,0,1,2,2,4
7112,1,0,2,5,0,1,0,1,1,4,0,1,1,0,1,0,0,0,0,0,1,2,1
3876,1,1,0,7,0,7,0,1,1,10,1,1,0,0,0,0,0,0,0,1,0,1,1
831,0,0,0,2,1,6,0,0,1,2,0,1,0,0,0,0,0,0,0,1,3,2,1
3483,1,1,1,1,0,7,0,1,1,10,1,1,0,0,0,0,0,0,0,1,3,2,1
6546,1,0,1,0,0,1,0,1,1,4,0,1,0,1,1,2,0,0,0,0,1,2,2
5748,0,2,0,6,0,0,0,0,1,2,1,1,0,3,0,1,0,0,0,0,1,2,5
6980,1,2,1,0,0,1,0,1,1,4,0,1,1,1,0,0,0,0,0,0,1,2,5
7285,1,1,2,5,0,8,1,1,0,8,1,2,1,2,6,6,0,0,2,4,1,4,1
124,0,1,1,2,1,4,0,1,0,1,1,2,0,0,0,0,0,0,0,1,3,1,6
3351,1,1,1,3,0,7,0,0,1,1,1,1,0,0,0,0,0,0,0,1,3,1,1
7924,1,2,1,0,0,1,0,1,1,4,0,1,0,1,0,0,0,0,0,0,1,2,5
1202,0,3,1,1,1,6,0,1,0,2,1,2,0,0,0,0,0,0,0,1,0,5,0
5479,0,2,2,7,1,0,0,1,0,2,1,1,0,0,7,7,0,0,1,0,1,4,3
2241,1,0,1,1,1,3,0,1,1,2,1,0,0,0,0,0,0,0,0,1,0,2,0
5045,1,0,0,3,0,2,0,1,0,5,1,1,1,1,2,2,0,0,0,2,2,2,1
5262,1,2,2,0,0,0,0,1,1,2,1,1,1,2,0,8,0,0,0,0,1,2,1
4501,1,0,2,3,0,2,0,1,0,5,1,1,1,1,3,1,0,0,0,2,2,2,0
776,1,1,2,0,1,3,0,1,1,0,1,0,0,0,0,0,0,0,0,1,3,1,4
3131,0,0,2,0,1,0,0,1,0,10,0,1,0,0,0,5,0,0,0,1,3,3,1
7406,1,2,2,5,0,1,0,1,1,4,0,1,0,1,1,2,0,0,0,0,1,2,5
4691,1,0,0,3,0,2,0,1,0,7,1,1,1,1,1,1,0,0,0,2,2,2,1
507,0,0,1,0,0,0,0,0,0,7,0,0,2,0,0,0,0,0,0,0,3,0,0
1783,1,0,1,1,1,3,0,1,1,2,1,0,0,0,0,0,0,0,0,1,0,1,0
2794,0,1,0,5,1,0,0,1,0,2,0,1,0,0,1,5,0,0,0,1,3,2,1
563,0,1,0,1,0,0,0,0,0,3,0,0,2,0,0,0,0,0,0,0,0,1,0
976,0,3,2,1,1,4,0,1,0,3,1,2,0,0,0,0,0,0,0,1,0,5,0
4928,1,0,0,2,0,2,0,1,0,1,1,1,1,1,1,2,0,0,0,2,2,2,1
5717,1,2,3,1,1,0,0,0,1,2,1,1,0,0,0,0,0,0,0,1,1,4,5
1721,0,0,1,1,0,0,0,0,0,7,0,0,2,0,0,0,0,0,0,0,0,0,0
4796,1,1,2,2,0,2,0,1,0,7,1,1,1,1,3,1,0,0,0,2,2,3,0
6566,1,0,2,5,0,1,0,1,1,4,0,1,0,1,1,2,0,0,0,0,1,2,1
7969,1,2,1,5,0,1,0,1,1,4,0,1,0,1,1,0,0,0,0,0,1,2,2
7840,0,0,1,0,0,0,1,1,0,3,1,1,0,0,5,4,0,1,0,1,4,2,5
1692,0,0,0,3,0,0,0,0,0,7,0,0,2,3,0,0,0,0,0,0,3,0,0
2759,0,0,0,0,1,0,0,1,0,2,0,1,0,0,0,0,0,0,0,1,3,3,1
6339,1,1,1,5,0,2,0,1,1,4,0,1,1,1,0,2,0,0,0,0,1,2,5
2278,0,1,0,3,1,0,0,1,0,3,0,1,0,0,0,0,0,0,0,1,3,2,1
7566,0,1,0,3,0,0,0,0,0,2,1,1,0,0,0,0,0,0,1,1,1,1,0
2250,0,1,2,3,1,0,0,1,0,10,0,1,0,0,4,5,0,0,0,1,3,3,1
6091,1,0,2,0,0,1,0,1,1,4,0,1,0,1,0,2,0,0,0,0,1,2,5
413,0,1,2,2,1,4,0,1,0,3,1,3,0,2,0,0,0,0,0,1,0,3,0
1092,0,0,0,3,0,0,0,0,0,3,0,0,0,3,0,0,0,0,0,0,3,0,0
7941,1,2,2,5,0,8,1,1,0,2,1,2,1,2,6,6,0,0,2,4,1,4,1
3966,1,0,2,3,0,2,0,1,0,5,1,1,1,1,3,2,0,0,0,2,2,3,0
2516,0,1,2,0,1,0,0,1,0,7,0,1,0,0,1,5,0,0,0,1,0,2,1
7839,1,2,2,0,0,1,0,1,1,4,0,1,0,0,0,2,0,0,0,0,1,2,1
4158,1,0,0,3,0,2,0,1,0,5,1,1,1,1,3,2,0,0,0,2,2,3,2
5105,1,1,2,0,0,1,0,1,1,4,0,1,0,1,0,0,0,0,0,0,1,2,1
4702,1,1,0,1,0,7,0,1,1,1,1,1,0,0,0,0,0,0,0,1,0,1,1
4645,1,1,2,3,0,2,0,1,0,7,1,1,1,1,1,2,0,0,0,2,2,2,2
1579,1,0,2,0,1,3,0,1,1,3,1,0,0,0,0,0,0,0,0,1,0,1,0
5508,1,4,2,1,1,0,0,0,1,2,1,1,0,0,0,0,0,0,0,1,1,4,5
5910,1,1,1,1,1,2,0,1,0,5,0,1,0,3,0,0,0,0,0,1,2,1,0
6054,1,1,2,5,0,2,0,1,1,4,0,1,0,1,0,2,0,0,0,0,1,2,5
4652,0,0,2,0,1,0,0,1,0,3,0,1,0,0,1,2,0,0,0,1,3,3,1
1525,0,1,1,0,0,0,0,0,0,3,0,0,2,3,0,0,0,0,0,0,3,1,0
840,0,0,1,2,1,6,0,0,1,2,0,1,0,0,0,0,0,0,0,1,7,2,1
2909,0,1,0,3,1,0,0,1,0,7,0,1,0,0,0,2,0,0,0,1,3,3,1
4317,1,0,0,3,0,2,0,1,0,5,1,1,1,1,3,3,0,0,0,2,2,2,0
3936,1,1,2,2,0,2,0,1,0,7,1,1,1,1,2,1,0,0,0,2,2,2,0
3621,1,1,0,3,0,2,0,1,0,5,1,1,1,1,1,1,0,0,0,2,2,3,0
6479,1,1,1,0,0,5,0,1,1,4,0,1,1,1,1,2,0,0,0,0,1,2,2
1531,0,0,1,1,0,0,0,0,0,5,0,0,0,0,0,0,0,0,0,0,3,1,0
6760,1,1,1,0,0,1,0,1,1,4,0,1,0,1,1,2,0,0,0,0,1,2,1
3234,0,1,2,3,1,0,0,1,0,3,0,1,0,0,1,2,0,0,0,1,0,3,1
2578,0,1,0,3,1,0,0,1,0,7,0,1,0,0,4,5,0,0,0,1,0,3,1
3045,0,0,2,0,1,0,0,1,0,7,0,1,0,0,0,0,0,0,0,1,3,2,1
1826,0,1,2,5,1,0,0,1,0,3,0,1,0,0,0,5,0,0,0,1,3,2,1
2149,1,1,1,1,1,3,0,1,1,2,1,0,0,0,0,0,0,0,0,1,0,1,0
630,0,0,0,0,0,0,0,0,0,3,0,0,0,0,0,0,0,0,0,0,3,1,0
1135,0,1,0,0,0,0,0,0,0,5,0,0,0,0,0,0,0,0,0,0,0,1,0
1163,0,1,2,2,1,6,0,1,0,7,1,3,0,2,0,0,0,0,0,1,0,1,2
2358,0,1,2,5,1,0,0,1,0,3,0,1,0,0,1,0,0,0,0,1,0,3,1
3047,1,1,1,7,0,7,0,0,1,3,1,1,0,0,0,0,0,0,0,1,3,2,1
4771,1,1,2,3,0,2,0,1,0,1,1,1,1,1,1,1,0,0,0,2,2,3,1
2071,0,1,0,3,1,0,0,1,0,3,0,1,0,0,0,5,0,0,0,1,0,2,1
2976,0,1,2,3,1,0,0,1,0,10,0,1,0,0,1,2,0,0,0,1,0,2,1
5604,0,2,2,7,1,0,0,1,0,6,1,1,0,0,7,0,0,0,1,0,1,4,3
5726,1,3,1,1,1,0,0,1,0,9,1,1,0,0,0,0,0,0,1,1,6,2,6
6354,1,0,1,0,0,1,0,1,1,4,0,1,1,1,1,0,0,0,0,0,1,2,2
3967,1,0,2,2,0,2,0,1,0,5,1,1,1,1,2,3,0,0,0,2,2,3,2
2500,0,0,1,1,0,0,0,0,0,5,0,0,2,3,0,0,0,0,0,0,0,1,0
2922,0,0,0,5,1,0,0,1,0,10,0,1,0,0,1,0,0,0,0,1,0,3,1
4502,1,0,2,3,0,2,0,1,0,1,1,1,1,1,1,3,0,0,0,2,2,3,1
6886,1,2,2,0,0,1,0,1,1,4,0,1,0,1,1,2,0,0,0,0,1,2,1
3189,0,0,0,5,1,0,0,1,0,7,0,1,0,0,0,0,0,0,0,1,0,3,1
3177,0,0,2,0,1,0,0,1,0,2,0,1,0,0,0,5,0,0,0,1,0,3,1
4864,1,0,2,3,0,2,0,1,0,5,1,1,1,1,1,2,0,0,0,2,2,3,0
7847,0,1,0,3,0,0,0,0,0,2,1,1,1,1,0,0,0,0,1,1,1,5,0
5449,1,0,1,1,1,2,0,1,0,7,0,1,2,3,0,0,0,0,0,1,2,1,0
2687,0,0,0,0,1,0,0,1,0,3,0,1,0,0,4,2,0,0,0,1,3,2,1
6850,1,1,1,0,0,2,0,1,1,4,0,1,0,1,0,0,0,0,0,0,1,2,1
5975,1,1,1,4,1,2,0,1,0,2,0,1,0,0,0,0,0,0,0,1,2,2,4
4660,1,0,2,3,0,2,0,1,0,1,1,1,1,1,2,2,0,0,0,2,2,2,0
5428,1,0,1,1,1,2,0,1,0,2,0,1,0,0,0,0,0,0,0,1,2,1,0
1960,0,1,0,3,1,0,0,1,0,10,0,1,0,0,0,5,0,0,0,1,0,3,1
7105,1,1,1,5,0,1,0,1,1,4,0,1,0,1,1,2,0,0,0,0,1,2,2
2059,0,1,1,1,1,6,0,1,0,3,1,2,0,0,0,0,0,0,0,1,0,5,6
7179,1,2,1,0,0,5,0,1,1,4,0,1,1,0,1,2,0,0,0,0,1,2,2
6547,1,0,2,5,0,2,0,1,1,4,0,1,1,0,1,0,0,0,0,0,1,2,2
5292,1,1,2,5,0,1,0,1,1,4,0,1,1,1,0,2,0,0,0,0,1,2,1
5259,1,1,0,2,0,0,0,1,1,2,1,1,1,2,0,8,0,0,0,0,1,2,1
5994,1,1,2,5,0,1,0,1,1,4,0,1,1,0,0,2,0,0,0,0,1,2,5
2846,0,1,2,3,1,0,0,1,0,10,0,1,0,0,1,2,0,0,0,1,0,3,1
4068,0,0,2,3,1,0,0,1,0,2,0,1,0,0,1,2,0,0,0,1,3,3,1
5478,1,0,1,3,1,2,0,1,0,5,0,1,2,3,0,0,0,0,0,1,2,1,0
5564,1,1,1,1,1,2,0,1,0,2,0,1,0,3,0,0,0,0,0,1,2,2,4
6594,1,0,1,5,0,5,0,1,1,4,0,1,1,0,0,0,0,0,0,0,1,2,2
6462,1,0,2,5,0,5,0,1,1,4,0,1,1,1,0,2,0,0,0,0,1,2,2
7623,0,2,1,1,0,0,0,0,0,1,1,1,0,0,0,0,0,0,1,1,1,1,0
7448,1,2,2,5,0,1,0,1,1,4,0,1,0,0,0,0,0,0,0,0,1,2,5
2573,0,1,2,0,1,0,0,1,0,7,0,1,0,0,4,2,0,0,0,1,0,2,1
173,0,3,2,2,1,6,0,1,0,2,1,2,0,0,0,0,0,0,0,1,0,1,0
6693,1,0,2,0,0,5,0,1,1,4,0,1,1,1,0,2,0,0,0,0,1,2,2
6302,1,1,2,5,0,2,0,1,1,4,0,1,0,1,1,2,0,0,0,0,1,2,5
274,0,0,2,2,1,6,0,1,0,3,1,3,0,2,0,0,0,0,0,1,3,1,2
6240,1,0,2,0,0,5,0,1,1,4,0,1,0,1,1,2,0,0,0,0,1,2,5
1035,0,0,0,1,0,0,0,0,0,7,0,0,2,3,0,0,0,0,0,0,0,0,0
3578,0,0,2,0,1,0,0,1,0,3,0,1,0,0,4,2,0,0,0,1,3,2,1
6940,1,0,2,0,0,1,0,1,1,4,0,1,0,1,0,0,0,0,0,0,1,2,5
2587,0,1,0,5,1,0,0,1,0,10,0,1,0,0,1,5,0,0,0,1,0,2,1
5710,1,0,1,1,1,2,0,1,0,7,0,1,2,3,0,0,0,0,0,1,2,2,4
1413,0,1,0,1,0,0,0,0,0,3,0,0,0,3,0,0,0,0,0,0,3,0,0
862,0,0,2,2,1,6,0,1,0,7,1,3,0,2,0,0,0,0,0,1,3,1,0
7313,1,2,2,0,0,5,0,1,1,4,0,1,0,1,0,0,0,0,0,0,1,2,2
6004,1,0,2,0,0,2,0,1,1,4,0,1,1,0,0,0,0,0,0,0,1,2,2
5357,1,1,1,1,1,2,0,1,0,2,0,1,2,0,0,0,0,0,0,1,2,1,4
1517,0,0,0,0,0,0,0,0,0,3,0,0,0,3,0,0,0,0,0,0,3,1,0
88,0,0,2,0,1,4,0,1,0,2,1,3,0,2,0,0,0,0,0,1,0,3,0
5495,1,0,2,2,0,2,0,1,0,1,1,1,1,1,3,3,0,0,0,2,2,3,2
6268,1,1,1,5,0,5,0,1,1,4,0,1,0,1,0,0,0,0,0,0,1,2,2
1377,0,0,0,0,0,0,0,0,0,0,0,0,0,0,0,0,0,0,0,0,0,1,0
7920,1,2,2,5,0,2,0,1,1,4,0,1,0,0,1,0,0,0,0,0,1,2,5
6820,1,0,2,0,0,1,0,1,1,4,0,1,0,0,1,2,0,0,0,0,1,2,2
4480,0,0,2,0,1,0,0,1,0,7,0,1,0,0,0,2,0,0,0,1,0,3,1
2126,0,1,0,3,1,0,0,1,0,7,0,1,0,0,4,5,0,0,0,1,3,3,1
2580,0,1,2,5,1,0,0,1,0,3,0,1,0,0,1,0,0,0,0,1,0,2,1
1990,1,0,2,0,1,3,0,1,1,2,1,0,0,0,0,0,0,0,0,1,3,2,0
7232,1,0,2,0,0,1,0,1,1,4,0,1,0,1,0,0,0,0,0,0,1,2,2
3995,1,1,2,3,0,2,0,1,0,7,1,1,1,1,1,1,0,0,0,2,2,2,0
984,1,1,1,1,1,3,0,1,1,3,1,0,0,0,0,0,0,0,0,1,0,1,4
3756,0,0,2,3,1,0,0,1,0,3,0,1,0,0,0,2,0,0,0,1,3,2,1
7958,0,2,0,1,0,0,0,0,0,1,1,1,0,0,0,0,0,0,1,1,1,5,0
2193,0,1,2,5,1,0,0,1,0,10,0,1,0,0,1,5,0,0,0,1,0,3,1
2230,0,1,2,3,1,0,0,1,0,7,0,1,0,0,1,0,0,0,0,1,3,2,1
7246,0,3,1,0,0,0,1,1,0,11,1,1,0,0,5,4,0,1,0,1,8,4,5
3385,0,1,0,5,1,0,0,1,0,10,0,1,0,0,1,0,0,0,0,1,0,2,1
1699,0,1,1,0,0,0,0,0,0,0,0,0,0,3,0,0,0,0,0,0,3,0,0
3262,1,1,1,7,0,7,0,0,1,7,1,1,0,0,0,0,0,0,0,1,3,2,1
3647,1,1,0,3,0,2,0,1,0,1,1,1,1,1,2,3,0,0,0,2,2,3,0
3992,1,0,0,3,0,2,0,1,0,7,1,1,1,1,2,1,0,0,0,2,2,3,0
3916,0,0,2,5,1,0,0,1,0,3,0,1,0,0,0,2,0,0,0,1,3,2,1
4603,1,0,0,3,0,2,0,1,0,5,1,1,1,1,1,1,0,0,0,2,2,3,0
7164,1,0,2,5,0,1,0,1,1,4,0,1,0,1,0,0,0,0,0,0,1,2,2
6315,1,0,2,0,0,1,0,1,1,4,0,1,1,0,1,2,0,0,0,0,1,2,1
685,0,1,2,1,1,6,0,1,0,1,1,2,0,0,0,0,0,0,0,1,0,5,6
5883,0,2,2,0,1,0,0,1,0,6,1,1,0,0,7,7,0,0,1,0,1,4,3
7052,1,2,2,0,0,2,0,1,1,4,0,1,1,1,0,0,0,0,0,0,1,2,5
2144,0,0,2,0,1,0,0,1,0,7,0,1,0,0,0,5,0,0,0,1,3,2,1
2265,0,1,2,0,1,0,0,1,0,3,0,1,0,0,1,0,0,0,0,1,0,3,1
7489,1,0,2,0,0,1,0,1,1,4,0,1,0,0,1,2,0,0,0,0,1,2,1
2521,0,0,0,0,1,0,0,1,0,3,0,1,0,0,0,5,0,0,0,1,3,2,1
1704,0,1,0,0,1,0,0,1,0,3,0,1,0,0,1,0,0,0,0,1,0,3,1
3755,1,1,0,3,0,2,0,1,0,5,1,1,1,1,1,3,0,0,0,2,2,3,0
4639,1,1,0,2,0,2,0,1,0,5,1,1,1,1,3,3,0,0,0,2,2,3,1
8116,1,2,2,0,0,5,0,1,1,4,0,1,0,1,1,0,0,0,0,0,1,2,5
5981,1,0,1,1,1,2,0,1,0,2,0,1,0,0,0,0,0,0,0,1,2,1,4
547,0,0,0,3,0,0,0,1,1,1,1,0,0,0,0,0,0,0,0,1,3,2,4
1779,0,1,1,0,0,0,0,0,0,7,0,0,0,0,0,0,0,0,0,0,0,0,0
5519,1,1,2,0,0,5,0,1,1,4,0,1,1,0,1,2,0,0,0,0,1,2,5
7130,1,2,2,5,0,1,0,1,1,4,0,1,0,0,1,0,0,0,0,0,1,2,1
3705,0,0,0,5,1,0,0,1,0,10,0,1,0,0,0,5,0,0,0,1,3,3,1
1819,0,1,0,0,1,0,0,1,0,7,0,1,0,0,4,5,0,0,0,1,0,2,1
3819,0,0,2,5,1,0,0,1,0,7,0,1,0,0,4,0,0,0,0,1,3,3,1
7973,1,1,2,5,0,2,0,1,1,4,0,1,0,0,1,2,0,0,0,0,1,2,2
6141,1,0,2,5,0,1,0,1,1,4,0,1,0,0,1,0,0,0,0,0,1,2,5
2089,1,0,2,0,1,3,0,1,1,7,1,0,0,0,0,0,0,0,0,1,0,1,4
307,0,1,1,2,1,4,0,1,0,1,1,2,0,0,0,0,0,0,0,1,3,5,6
4993,0,0,1,4,1,0,0,1,0,6,1,1,0,0,0,0,0,0,1,0,1,4,3
4929,1,1,2,2,0,2,0,1,0,1,1,1,1,1,3,3,0,0,0,2,2,3,0
2403,0,0,2,5,1,0,0,1,0,2,0,1,0,0,0,2,0,0,0,1,0,2,1
4182,1,1,2,2,0,2,0,1,0,1,1,1,1,1,1,1,0,0,0,2,2,3,1
827,0,0,0,1,1,6,0,0,1,2,0,1,0,0,0,0,0,0,0,1,7,2,1
6761,1,0,2,5,0,2,0,1,1,4,0,1,0,0,1,0,0,0,0,0,1,2,1
3514,0,0,2,5,1,0,0,1,0,2,0,1,0,0,1,2,0,0,0,1,0,3,1
6748,1,1,1,5,0,2,0,1,1,4,0,1,0,1,0,0,0,0,0,0,1,2,5
4539,1,0,2,3,0,2,0,1,0,5,1,1,1,1,2,1,0,0,0,2,2,2,0
7866,0,1,1,0,0,0,1,1,0,11,1,1,0,0,5,4,0,1,0,1,4,2,5
2837,0,0,0,0,1,0,0,1,0,3,0,1,0,0,1,2,0,0,0,1,3,3,1
7480,1,2,2,0,0,8,1,1,0,8,1,2,1,2,6,6,0,0,2,4,1,4,1
6272,1,1,1,5,0,5,0,1,1,4,0,1,0,1,1,2,0,0,0,0,1,2,2
4773,1,1,2,2,0,2,0,1,0,5,1,1,1,1,2,2,0,0,0,2,2,2,2
2387,0,1,0,0,0,0,0,0,0,5,0,0,0,0,0,0,0,0,0,0,0,0,0
1996,0,0,1,0,0,0,0,0,0,7,0,0,2,0,0,0,0,0,0,0,3,1,0
1757,0,1,0,0,0,0,0,0,0,3,0,0,0,0,0,0,0,0,0,0,0,1,0
733,1,1,2,1,1,3,0,1,1,7,1,0,0,0,0,0,0,0,0,1,0,1,4
6422,1,1,1,5,0,2,0,1,1,4,0,1,1,1,0,0,0,0,0,0,1,2,5
2351,1,0,2,1,1,3,0,1,1,2,1,0,0,0,0,0,0,0,0,1,3,1,4
796,0,3,2,2,1,4,0,1,0,3,1,2,0,0,0,0,0,0,0,1,0,5,0
6522,1,2,1,5,0,1,0,1,1,4,0,1,1,0,1,2,0,0,0,0,1,2,2
7416,0,1,0,3,0,0,0,0,0,2,1,1,1,0,0,0,0,0,1,1,1,1,0
6832,1,1,1,5,0,5,0,1,1,4,0,1,1,1,0,0,0,0,0,0,1,2,2
944,0,0,0,3,1,0,0,1,0,3,0,1,0,0,0,5,0,0,0,1,3,2,1
1924,0,1,2,5,1,0,0,1,0,2,0,1,0,0,4,0,0,0,0,1,3,2,1
5798,1,1,1,3,1,2,0,1,0,5,0,1,0,3,0,0,0,0,0,1,2,1,4
7140,1,2,1,0,0,1,0,1,1,4,0,1,1,0,1,0,0,0,0,0,1,2,2
4945,0,2,1,7,1,0,0,1,0,2,1,1,0,0,7,7,0,0,1,0,1,4,3
453,0,1,0,2,1,4,0,0,1,7,0,1,0,0,0,0,0,0,0,1,3,2,1
6924,0,3,0,3,0,0,0,0,0,7,1,1,1,1,0,0,0,0,1,1,1,5,0
200,0,1,2,2,1,4,0,1,0,2,1,2,0,0,0,0,0,0,0,1,3,1,0
7813,0,0,1,0,0,0,1,1,0,8,1,1,0,0,5,4,0,2,0,1,8,4,5
7809,0,3,0,3,0,0,0,0,0,1,1,1,0,1,0,0,0,0,1,1,1,5,0
6218,1,1,1,0,0,5,0,1,1,4,0,1,0,1,1,2,0,0,0,0,1,2,2
1593,0,0,0,1,0,0,0,0,0,3,0,0,0,3,0,0,0,0,0,0,3,0,0
5217,1,1,1,1,1,2,0,1,0,2,0,1,0,0,0,0,0,0,0,1,2,2,4
4947,1,1,2,3,0,2,0,1,0,1,1,1,1,1,2,1,0,0,0,2,2,3,1
1793,0,0,0,0,0,0,0,0,0,7,0,0,0,0,0,0,0,0,0,0,3,1,0
2167,0,1,0,3,1,0,0,1,0,7,0,1,0,0,1,5,0,0,0,1,0,3,1
7011,0,3,1,1,0,0,0,0,0,1,1,1,0,0,0,0,0,0,1,1,1,1,0
4850,1,1,2,2,0,2,0,1,0,5,1,1,1,1,3,1,0,0,0,2,2,2,1
5375,1,1,2,0,0,2,0,1,1,4,0,1,0,0,0,0,0,0,0,0,1,2,1
5965,1,0,2,3,0,2,0,1,0,5,1,1,1,1,1,1,0,0,0,2,2,2,0
809,0,1,1,2,1,4,0,0,1,7,0,1,0,0,0,0,0,0,0,1,3,2,1
4374,1,1,1,1,1,2,0,1,0,2,0,1,2,3,0,0,0,0,0,1,2,1,4
7876,1,2,1,0,0,1,0,1,1,4,0,1,1,0,1,0,0,0,0,0,1,2,1
1617,0,0,0,3,0,0,0,0,0,0,0,0,0,0,0,0,0,0,0,0,3,0,0
7748,0,1,0,1,0,0,0,0,0,2,1,1,0,1,0,0,0,0,1,1,1,5,0
7762,0,1,1,0,0,0,1,1,0,11,1,1,0,0,5,4,0,1,0,1,5,2,5
3841,0,0,0,5,1,0,0,1,0,10,0,1,0,0,1,0,0,0,0,1,3,3,1
1196,0,1,0,3,0,0,0,0,0,0,0,0,2,0,0,0,0,0,0,0,0,1,0
3184,0,0,2,0,1,0,0,1,0,7,0,1,0,0,4,0,0,0,0,1,3,3,1
4698,1,1,2,2,0,2,0,1,0,5,1,1,1,1,2,1,0,0,0,2,2,3,2
6538,1,1,2,5,0,1,0,1,1,4,0,1,0,0,0,0,0,0,0,0,1,2,5
7930,1,2,2,5,0,2,0,1,1,4,0,1,1,1,1,0,0,0,0,0,1,2,2
4124,0,0,0,0,1,0,0,1,0,10,0,1,0,0,0,2,0,0,0,1,0,2,1
2067,1,0,1,0,1,3,0,1,1,3,1,0,0,0,0,0,0,0,0,1,0,2,4
872,0,1,2,2,1,6,0,1,0,0,1,2,0,0,0,0,0,0,0,1,3,1,6
1071,1,0,2,1,1,3,0,1,1,0,1,0,0,0,0,0,0,0,0,1,3,2,0
4202,1,1,0,2,0,2,0,1,0,1,1,1,1,1,3,3,0,0,0,2,2,2,0
5199,1,0,2,3,0,2,0,1,0,1,1,1,1,1,2,1,0,0,0,2,2,2,0
599,1,1,1,0,1,3,0,1,1,3,1,0,0,0,0,0,0,0,0,1,0,1,4
437,0,1,2,1,1,4,0,1,0,1,1,2,0,0,0,0,0,0,0,1,3,5,6
7370,0,1,2,7,1,0,0,1,0,2,1,1,0,0,0,0,0,0,1,1,1,2,2
2763,0,1,2,3,1,0,0,1,0,10,0,1,0,0,0,5,0,0,0,1,3,2,1
5409,1,0,1,4,1,2,0,1,0,7,0,1,2,0,0,0,0,0,0,1,2,1,0
256,0,0,0,0,0,0,0,1,1,0,1,0,0,0,0,0,0,0,0,1,3,2,4
921,0,1,1,0,0,0,0,0,0,7,0,0,2,3,0,0,0,0,0,0,3,0,0
3012,0,0,2,5,1,0,0,1,0,10,0,1,0,0,1,5,0,0,0,1,3,3,1
7284,0,1,0,1,0,0,0,0,0,2,1,1,0,0,0,0,0,0,1,1,1,5,0
3230,0,0,2,3,1,0,0,1,0,3,0,1,0,0,0,5,0,0,0,1,3,2,1
6281,1,1,1,5,0,1,0,1,1,4,0,1,0,0,1,0,0,0,0,0,1,2,5
1710,0,1,0,1,0,0,0,0,0,7,0,0,2,3,0,0,0,0,0,0,0,0,0
4499,1,1,1,3,0,7,0,0,1,10,1,1,0,0,0,0,0,0,0,1,0,2,1
4748,1,0,2,3,0,2,0,1,0,1,1,1,1,1,3,2,0,0,0,2,2,2,1
5208,1,1,2,5,0,1,0,1,1,4,0,1,1,0,1,0,0,0,0,0,1,2,5
6396,0,1,1,1,0,0,0,0,0,1,1,1,1,0,0,0,0,0,1,1,1,1,0
6840,1,1,1,5,0,5,0,1,1,4,0,1,0,0,0,0,0,0,0,0,1,2,2
5392,0,2,1,4,1,0,0,1,0,6,1,1,0,0,7,0,0,0,1,0,1,4,3
6927,0,0,1,0,0,0,1,1,0,11,1,1,0,0,5,4,0,2,0,1,3,4,5
6045,1,1,2,5,0,1,0,1,1,4,0,1,0,1,0,0,0,0,0,0,1,2,5
310,0,1,1,2,1,4,0,1,0,2,1,2,0,0,0,0,0,0,0,1,0,1,0
7089,0,2,0,3,0,0,0,0,0,1,1,1,0,0,0,0,0,0,1,1,1,5,0
1346,1,0,2,0,1,3,0,1,1,0,1,0,0,0,0,0,0,0,0,1,3,2,0
1232,0,0,0,3,0,0,0,0,0,0,0,0,2,0,0,0,0,0,0,0,0,0,0
7014,1,0,2,0,0,2,0,1,1,4,0,1,0,1,1,2,0,0,0,0,1,2,1
7719,1,2,1,0,0,1,0,1,1,4,0,1,0,0,1,0,0,0,0,0,1,2,2
4426,1,0,0,2,0,2,0,1,0,7,1,1,1,1,3,1,0,0,0,2,2,2,0
765,0,0,0,3,0,0,0,0,0,0,0,0,0,3,0,0,0,0,0,0,0,0,0
7580,1,2,1,5,0,1,0,1,1,4,0,1,0,0,1,2,0,0,0,0,1,2,1
7795,0,2,1,1,0,0,0,0,0,7,1,1,0,1,0,0,0,0,1,1,1,5,0
7734,1,2,2,0,0,2,0,1,1,4,0,1,1,1,1,0,0,0,0,0,1,2,5
5875,0,1,2,8,0,0,0,1,1,10,1,1,0,3,0,0,0,0,0,3,2,3,1
3264,1,1,0,3,0,2,0,1,0,5,1,1,1,1,1,1,0,0,0,2,2,3,2
2062,0,0,0,3,0,0,0,0,0,7,0,0,2,0,0,0,0,0,0,0,3,1,0
5150,0,1,1,4,1,0,0,1,0,6,1,1,0,0,7,7,0,0,1,0,1,4,3
1537,1,1,1,1,1,3,0,1,1,7,1,0,0,0,0,0,0,0,0,1,3,1,4
3219,0,0,2,3,1,0,0,1,0,10,0,1,0,0,0,0,0,0,0,1,3,3,1
3479,1,1,0,3,0,2,0,1,0,5,1,1,1,1,1,2,0,0,0,2,2,2,2
4510,1,0,0,2,0,2,0,1,0,7,1,1,1,1,3,1,0,0,0,2,2,2,2
4498,1,1,2,0,0,1,0,1,1,4,0,1,0,1,1,2,0,0,0,0,1,2,2
4431,1,1,2,2,0,2,0,1,0,5,1,1,1,1,2,3,0,0,0,2,2,2,0
2631,0,0,0,0,1,0,0,1,0,2,0,1,0,0,4,0,0,0,0,1,3,2,1
2943,0,1,2,3,1,0,0,1,0,2,0,1,0,0,0,5,0,0,0,1,3,2,1
6119,1,2,1,5,0,5,0,1,1,4,0,1,1,1,1,0,0,0,0,0,1,2,2
4292,1,1,0,2,0,2,0,1,0,7,1,1,1,1,1,1,0,0,0,2,2,2,1
2736,0,1,2,5,1,0,0,1,0,3,0,1,0,0,4,5,0,0,0,1,0,3,1
542,1,1,2,1,1,3,0,1,1,3,1,0,0,0,0,0,0,0,0,1,3,1,0
6971,1,0,1,0,0,2,0,1,1,4,0,1,1,1,0,2,0,0,0,0,1,2,1
4014,1,1,2,2,0,2,0,1,0,7,1,1,1,1,1,1,0,0,0,2,2,2,2
6958,0,2,0,1,0,0,0,0,0,1,1,1,0,0,0,0,0,0,1,1,1,1,0
2110,0,1,0,5,1,0,0,1,0,2,0,1,0,0,4,0,0,0,0,1,0,2,1
806,0,3,2,1,1,6,0,1,0,0,1,2,0,0,0,0,0,0,0,1,0,1,0
100,0,1,0,0,0,0,0,0,0,7,0,0,2,0,0,0,0,0,0,0,0,1,0
469,0,0,2,2,1,6,0,1,0,2,1,3,0,2,0,0,0,0,0,1,3,1,2
3411,1,1,1,3,0,7,0,1,1,3,1,1,0,0,0,0,0,0,0,1,3,1,1
6271,1,0,1,5,0,5,0,1,1,4,0,1,0,0,1,0,0,0,0,0,1,2,1
5697,1,1,2,0,0,5,0,1,1,4,0,1,0,0,1,2,0,0,0,0,1,2,1
4981,1,0,0,3,0,2,0,1,0,1,1,1,1,1,3,2,0,0,0,2,2,3,1
5168,1,1,0,0,0,0,0,1,1,2,1,1,1,2,0,1,0,0,0,0,1,2,1
2158,0,0,0,0,1,0,0,1,0,2,0,1,0,0,1,2,0,0,0,1,3,3,1
7901,1,2,2,0,0,5,0,1,1,4,0,1,0,1,1,0,0,0,0,0,1,2,2
1347,0,1,1,1,0,0,0,0,0,7,0,0,2,3,0,0,0,0,0,0,0,1,0
7869,1,2,2,5,0,2,0,1,1,4,0,1,1,0,1,2,0,0,0,0,1,2,5
3073,1,1,0,3,0,2,0,1,0,7,1,1,1,1,2,2,0,0,0,2,2,2,2
4723,1,1,2,3,0,2,0,1,0,1,1,1,1,1,3,3,0,0,0,2,2,3,0
5121,1,0,1,4,1,2,0,1,0,7,0,1,0,0,0,0,0,0,0,1,2,2,0
419,0,0,0,3,0,0,0,0,0,5,0,0,2,3,0,0,0,0,0,0,3,0,0
2624,0,1,2,5,1,0,0,1,0,7,0,1,0,0,4,5,0,0,0,1,3,2,1
5069,1,0,0,3,0,2,0,1,0,5,1,1,1,1,2,3,0,0,0,2,2,2,2
1782,0,1,1,1,0,0,0,0,0,0,0,0,2,0,0,0,0,0,0,0,0,0,0
5114,1,1,1,4,1,2,0,1,0,2,0,1,2,0,0,0,0,0,0,1,2,2,0
2205,0,1,0,5,1,0,0,1,0,10,0,1,0,0,0,0,0,0,0,1,3,2,1
5652,0,2,1,5,1,0,0,1,0,2,1,1,0,0,7,7,0,0,1,0,1,4,3
2210,1,1,1,7,0,7,0,0,1,1,1,1,0,0,0,0,0,0,0,1,3,1,1
7476,1,1,1,5,0,1,0,1,1,4,0,1,1,0,1,0,0,0,0,0,1,2,2
5035,1,1,0,3,0,2,0,1,0,7,1,1,1,1,1,2,0,0,0,2,2,3,0
1994,0,1,0,0,0,0,0,0,0,5,0,0,0,3,0,0,0,0,0,0,0,0,0
159,0,3,1,2,1,6,0,1,0,1,1,2,0,0,0,0,0,0,0,1,0,1,0
2463,0,1,2,3,1,0,0,1,0,10,0,1,0,0,0,2,0,0,0,1,0,2,1
5575,1,1,1,4,1,2,0,1,0,5,0,1,0,0,0,0,0,0,0,1,2,2,0
2708,0,1,2,0,1,0,0,1,0,3,0,1,0,0,1,5,0,0,0,1,0,3,1
1861,0,1,2,0,1,0,0,1,0,2,0,1,0,0,1,2,0,0,0,1,0,2,1
4540,1,0,0,3,0,2,0,1,0,5,1,1,1,1,3,3,0,0,0,2,2,3,0
7010,1,2,2,5,0,2,0,1,1,4,0,1,0,1,0,0,0,0,0,0,1,2,1
1980,0,0,0,1,0,0,0,0,0,7,0,0,0,0,0,0,0,0,0,0,3,1,0
6598,1,0,1,5,0,1,0,1,1,4,0,1,0,0,1,2,0,0,0,0,1,2,2
5240,1,0,1,1,1,2,0,1,0,2,0,1,2,3,0,0,0,0,0,1,2,1,0
5097,1,3,2,7,1,0,0,1,0,2,1,1,0,0,0,0,0,0,1,1,6,2,0
6619,1,0,1,0,0,5,0,1,1,4,0,1,0,0,1,0,0,0,0,0,1,2,2
2225,0,1,0,5,1,0,0,1,0,7,0,1,0,0,0,2,0,0,0,1,0,2,1
5830,1,1,1,1,1,2,0,1,0,2,0,1,0,3,0,0,0,0,0,1,2,1,0
6972,1,2,1,0,0,1,0,1,1,4,0,1,0,0,0,0,0,0,0,0,1,2,5
761,0,0,2,0,1,4,0,1,0,7,1,3,0,2,0,0,0,0,0,1,0,3,0
3404,0,0,2,5,1,0,0,1,0,10,0,1,0,0,1,0,0,0,0,1,0,3,1
6214,0,3,0,3,0,0,0,0,0,7,1,1,1,0,0,0,0,0,1,1,1,5,0
2383,0,0,0,0,1,0,0,1,0,10,0,1,0,0,0,5,0,0,0,1,0,3,1
6512,1,0,2,0,0,1,0,1,1,4,0,1,1,1,1,0,0,0,0,0,1,2,5
820,0,3,1,2,1,4,0,1,0,2,1,2,0,0,0,0,0,0,0,1,3,5,6
2201,0,1,0,0,1,0,0,1,0,2,0,1,0,0,4,0,0,0,0,1,3,3,1
7043,1,2,2,0,0,5,0,1,1,4,0,1,1,0,1,0,0,0,0,0,1,2,5
3929,1,1,0,2,0,2,0,1,0,5,1,1,1,1,1,1,0,0,0,2,2,3,1
2529,0,0,0,0,1,0,0,1,0,7,0,1,0,0,1,0,0,0,0,1,3,3,1
814,1,1,1,0,1,3,0,1,1,0,1,0,0,0,0,0,0,0,0,1,0,2,4
408,0,1,1,1,1,6,0,1,0,1,1,2,0,0,0,0,0,0,0,1,0,1,0
2812,0,1,2,3,1,0,0,1,0,7,0,1,0,0,0,0,0,0,0,1,3,2,1
233,0,0,0,0,0,0,0,1,1,0,1,0,0,0,0,0,0,0,0,1,0,2,4
1762,0,0,0,3,0,0,0,0,0,5,0,0,0,0,0,0,0,0,0,0,3,1,0
2747,0,1,2,0,1,0,0,1,0,10,0,1,0,0,0,0,0,0,0,1,0,3,1
281,0,3,2,2,1,6,0,1,0,3,1,2,0,0,0,0,0,0,0,1,3,5,6
4882,1,3,2,1,1,0,0,1,0,2,1,1,0,0,0,0,0,0,1,1,6,2,6
7369,1,1,1,0,0,1,0,1,1,4,0,1,0,0,0,0,0,0,0,0,1,2,1
6154,1,1,1,5,0,5,0,1,1,4,0,1,1,1,0,2,0,0,0,0,1,2,2
4665,1,1,2,3,0,2,0,1,0,7,1,1,1,1,2,2,0,0,0,2,2,3,1
4023,1,1,2,5,0,1,0,1,1,4,0,1,1,0,0,0,0,0,0,0,1,2,2
6216,1,1,2,5,0,2,0,1,1,4,0,1,0,0,1,0,0,0,0,0,1,2,5
7696,1,2,2,5,0,2,0,1,1,4,0,1,0,0,1,2,0,0,0,0,1,2,1
956,1,1,1,1,1,3,0,1,1,2,1,0,0,0,0,0,0,0,0,1,0,2,4
4385,1,0,0,2,0,2,0,1,0,1,1,1,1,1,3,1,0,0,0,2,2,3,0
5041,1,1,2,0,0,5,0,1,1,4,0,1,1,1,0,0,0,0,0,0,1,2,5
4177,1,1,0,2,0,2,0,1,0,7,1,1,1,1,3,3,0,0,0,2,2,3,2
3869,1,1,1,3,0,7,0,0,1,7,1,1,0,0,0,0,0,0,0,1,0,1,1
3750,1,1,0,2,0,2,0,1,0,7,1,1,1,1,1,2,0,0,0,2,2,2,2
3228,0,0,0,3,1,0,0,1,0,10,0,1,0,0,1,5,0,0,0,1,0,2,1
4785,1,1,0,2,0,2,0,1,0,7,1,1,1,1,3,2,0,0,0,2,2,3,0
1643,0,0,0,1,0,0,0,0,0,7,0,0,2,0,0,0,0,0,0,0,0,0,0
3682,0,0,2,5,1,0,0,1,0,3,0,1,0,0,0,2,0,0,0,1,0,3,1
7756,1,2,2,0,0,2,0,1,1,4,0,1,1,1,1,0,0,0,0,0,1,2,2
3450,0,0,2,5,1,0,0,1,0,10,0,1,0,0,0,0,0,0,0,1,0,3,1
5873,1,0,1,3,1,2,0,1,0,2,0,1,2,0,0,0,0,0,0,1,2,2,4
1530,1,0,2,1,1,3,0,1,1,3,1,0,0,0,0,0,0,0,0,1,0,1,4
118,0,1,1,2,1,4,0,0,1,7,0,1,0,0,0,0,0,0,0,1,7,2,1
6510,1,1,1,5,0,5,0,1,1,4,0,1,1,0,0,0,0,0,0,0,1,2,1
8003,0,0,1,0,0,0,1,1,0,3,1,1,0,0,5,4,0,2,0,1,8,2,5
5723,1,0,1,1,1,2,0,1,0,5,0,1,2,3,0,0,0,0,0,1,2,1,0
4162,1,1,0,2,0,2,0,1,0,7,1,1,1,1,2,2,0,0,0,2,2,2,2
476,0,1,0,0,0,0,0,1,1,7,1,0,0,0,0,0,0,0,0,1,3,3,4
823,0,1,1,1,1,4,0,1,0,1,1,2,0,0,0,0,0,0,0,1,3,1,0
3840,1,1,0,3,0,2,0,1,0,5,1,1,1,1,3,1,0,0,0,2,2,2,2
4648,1,0,0,2,0,2,0,1,0,5,1,1,1,1,3,3,0,0,0,2,2,3,1
3369,0,0,2,5,1,0,0,1,0,2,0,1,0,0,1,5,0,0,0,1,0,3,1
5460,1,0,1,4,1,2,0,1,0,5,0,1,2,3,0,0,0,0,0,1,2,1,0
4188,1,1,2,3,0,2,0,1,0,5,1,1,1,1,2,1,0,0,0,2,2,2,1
3556,1,1,2,2,0,2,0,1,0,7,1,1,1,1,2,1,0,0,0,2,2,3,1
2439,0,0,2,5,1,0,0,1,0,10,0,1,0,0,4,0,0,0,0,1,0,2,1
7545,1,0,2,5,0,5,0,1,1,4,0,1,1,1,1,2,0,0,0,0,1,2,2
417,1,1,1,0,1,3,0,1,1,2,1,0,0,0,0,0,0,0,0,1,0,1,4
5996,0,2,2,4,1,0,0,1,0,6,1,1,0,0,0,0,0,0,1,0,1,4,3
1736,0,1,1,0,0,0,0,0,0,7,0,0,2,0,0,0,0,0,0,0,0,0,0
4462,1,0,2,3,0,2,0,1,0,7,1,1,1,1,2,1,0,0,0,2,2,3,2
6453,1,0,2,0,0,5,0,1,1,4,0,1,1,1,1,2,0,0,0,0,1,2,2
3255,0,0,2,5,1,0,0,1,0,3,0,1,0,0,1,5,0,0,0,1,3,2,1
2547,0,1,0,3,1,0,0,1,0,2,0,1,0,0,0,2,0,0,0,1,3,3,1
5054,1,1,2,3,0,2,0,1,0,7,1,1,1,1,1,2,0,0,0,2,2,3,1
7637,1,2,1,0,0,2,0,1,1,4,0,1,0,1,1,2,0,0,0,0,1,2,1
7797,0,1,1,1,0,0,0,0,0,2,1,1,0,0,0,0,0,0,1,1,1,1,0
821,0,1,0,3,0,0,0,1,1,0,1,0,0,0,0,0,0,0,0,1,0,2,4
7680,0,3,0,1,0,0,0,0,0,7,1,1,1,1,0,0,0,0,1,1,1,1,0
3494,0,0,0,5,1,0,0,1,0,10,0,1,0,0,0,0,0,0,0,1,0,3,1
6653,1,1,2,5,0,2,0,1,1,4,0,1,1,0,1,0,0,0,0,0,1,2,5
7537,0,1,1,0,0,0,1,1,0,8,1,1,0,0,5,4,0,1,0,1,5,4,5
4809,1,0,0,3,0,2,0,1,0,1,1,1,1,1,3,3,0,0,0,2,2,3,1
6618,1,1,1,5,0,2,0,1,1,4,0,1,1,0,1,2,0,0,0,0,1,2,5
1695,0,1,0,3,0,0,0,0,0,0,0,0,2,0,0,0,0,0,0,0,3,0,0
4709,1,0,1,4,1,2,0,1,0,7,0,1,2,3,0,0,0,0,0,1,2,2,4
156,0,3,2,2,1,6,0,1,0,0,1,2,0,0,0,0,0,0,0,1,3,5,0
1822,1,1,1,1,1,3,0,1,1,7,1,0,0,0,0,0,0,0,0,1,0,2,4
6452,1,0,2,0,0,2,0,1,1,4,0,1,0,0,0,2,0,0,0,0,1,2,1
1499,0,1,0,3,0,0,0,0,0,7,0,0,0,3,0,0,0,0,0,0,0,1,0
1869,0,1,1,1,0,0,0,0,0,3,0,0,0,0,0,0,0,0,0,0,0,1,0
3323,1,1,0,3,0,2,0,1,0,7,1,1,1,1,2,1,0,0,0,2,2,2,1
4997,1,0,0,3,0,2,0,1,0,1,1,1,1,1,3,1,0,0,0,2,2,3,2
5778,1,1,1,4,1,2,0,1,0,2,0,1,0,3,0,0,0,0,0,1,2,2,4
3188,1,1,0,3,0,2,0,1,0,7,1,1,1,1,2,3,0,0,0,2,2,3,2
5866,1,1,1,3,1,2,0,1,0,2,0,1,0,0,0,0,0,0,0,1,2,1,4
7808,1,2,1,0,0,5,0,1,1,4,0,1,0,0,1,2,0,0,0,0,1,2,2
888,0,1,2,2,1,6,0,1,0,2,1,3,0,2,0,0,0,0,0,1,0,3,2
393,0,1,0,3,0,0,0,1,1,0,1,0,0,0,0,0,0,0,0,1,3,2,4
750,0,1,2,0,1,6,0,1,0,3,1,3,0,2,0,0,0,0,0,1,3,1,2
5258,1,0,1,3,1,2,0,1,0,2,0,1,2,0,0,0,0,0,0,1,2,1,4
2658,0,1,2,5,1,0,0,1,0,2,0,1,0,0,1,0,0,0,0,1,0,2,1
2236,0,1,2,3,1,0,0,1,0,7,0,1,0,0,0,5,0,0,0,1,3,3,1
4437,1,0,0,3,0,2,0,1,0,1,1,1,1,1,3,1,0,0,0,2,2,2,0
5704,0,2,2,5,1,0,0,1,0,2,1,1,0,0,7,0,0,0,1,0,1,4,3
5609,1,0,1,3,1,2,0,1,0,7,0,1,2,0,0,0,0,0,0,1,2,2,0
6562,1,0,1,0,0,1,0,1,1,4,0,1,1,0,0,0,0,0,0,0,1,2,1
3614,1,1,2,2,0,2,0,1,0,7,1,1,1,1,2,3,0,0,0,2,2,3,1
3364,0,0,2,5,1,0,0,1,0,7,0,1,0,0,4,2,0,0,0,1,3,3,1
5585,1,1,2,5,0,1,0,1,1,4,0,1,1,0,0,2,0,0,0,0,1,2,1
4591,1,1,2,3,0,2,0,1,0,1,1,1,1,1,3,2,0,0,0,2,2,2,0
2154,0,1,0,5,1,0,0,1,0,3,0,1,0,0,0,5,0,0,0,1,3,3,1
6203,0,2,1,1,0,0,0,0,0,1,1,1,1,0,0,0,0,0,1,1,1,1,0
1586,0,1,0,0,1,0,0,1,0,7,0,1,0,0,4,5,0,0,0,1,3,2,1
1359,0,0,1,1,0,0,0,0,0,3,0,0,2,0,0,0,0,0,0,0,0,1,0
3740,0,1,2,0,1,0,0,1,0,10,0,1,0,0,0,5,0,0,0,1,3,3,1
317,0,1,2,1,1,6,0,1,0,0,1,2,0,0,0,0,0,0,0,1,0,5,6
6356,1,0,2,0,0,2,0,1,1,4,0,1,1,1,0,2,0,0,0,0,1,2,2
3194,0,0,2,5,1,0,0,1,0,10,0,1,0,0,4,2,0,0,0,1,0,3,1
2410,0,1,0,3,1,0,0,1,0,7,0,1,0,0,0,0,0,0,0,1,0,2,1
6746,1,0,1,0,0,2,0,1,1,4,0,1,0,1,1,2,0,0,0,0,1,2,5
1599,0,1,2,0,1,4,0,1,0,2,1,3,0,2,0,0,0,0,0,1,3,1,0
5080,1,1,2,2,0,2,0,1,0,7,1,1,1,1,2,3,0,0,0,2,2,3,0
7318,1,2,1,5,0,5,0,1,1,4,0,1,1,0,1,0,0,0,0,0,1,2,1
119,0,5,0,0,0,0,0,1,1,0,1,0,0,0,0,0,0,0,0,1,3,3,4
7338,1,2,2,0,0,2,0,1,1,4,0,1,0,1,1,2,0,0,0,0,1,2,2
6949,1,2,1,5,0,2,0,1,1,4,0,1,1,1,0,0,0,0,0,0,1,2,5
7233,0,3,1,0,0,0,1,1,0,11,1,1,0,0,5,4,0,2,0,1,4,4,5
1440,0,1,0,0,1,0,0,1,0,3,0,1,0,0,4,2,0,0,0,1,0,3,1
1284,0,1,0,0,0,0,0,0,0,3,0,0,2,0,0,0,0,0,0,0,0,0,0
2830,0,1,2,5,1,0,0,1,0,2,0,1,0,0,0,2,0,0,0,1,0,2,1
1446,0,1,1,0,0,0,0,0,0,7,0,0,0,3,0,0,0,0,0,0,0,1,0
5079,0,0,0,5,1,0,0,1,0,3,0,1,0,0,4,0,0,0,0,1,3,3,1
2588,0,0,0,0,1,0,0,1,0,2,0,1,0,0,4,5,0,0,0,1,3,2,1
2291,0,1,2,5,1,0,0,1,0,3,0,1,0,0,4,5,0,0,0,1,0,2,1
133,0,1,2,2,1,4,0,1,0,1,1,2,0,0,0,0,0,0,0,1,0,1,6
2872,0,1,2,0,1,0,0,1,0,10,0,1,0,0,1,0,0,0,0,1,3,3,1
5370,1,0,2,2,0,2,0,1,0,5,1,1,1,1,1,1,0,0,0,2,2,3,0
1314,0,3,2,2,1,4,0,1,0,0,1,2,0,0,0,0,0,0,0,1,0,5,0
1349,0,1,2,3,1,0,0,1,0,10,0,1,0,0,0,2,0,0,0,1,3,2,1
6120,0,1,1,6,1,0,0,1,0,2,1,1,0,0,0,0,0,0,1,1,1,2,2
4436,1,0,2,3,0,2,0,1,0,5,1,1,1,1,3,1,0,0,0,2,2,2,1
4348,1,1,2,2,0,2,0,1,0,1,1,1,1,1,1,2,0,0,0,2,2,3,0
1298,0,1,2,2,1,6,0,1,0,2,1,3,0,2,0,0,0,0,0,1,0,1,2
774,0,0,0,3,0,0,0,0,0,5,0,0,2,0,0,0,0,0,0,0,0,0,0
7953,0,1,1,0,0,0,1,1,0,11,1,1,0,0,5,4,0,2,0,1,3,4,5
1385,0,1,0,3,0,0,0,0,0,5,0,0,0,3,0,0,0,0,0,0,0,0,0
7231,0,3,1,3,0,0,0,0,0,1,1,1,1,1,0,0,0,0,1,1,1,1,0
5867,1,0,1,4,1,0,0,1,0,1,1,1,0,0,0,0,0,0,1,1,6,2,0
4044,1,0,0,3,0,2,0,1,0,1,1,1,1,1,3,3,0,0,0,2,2,2,1
1644,0,0,0,1,0,0,0,0,0,3,0,0,2,0,0,0,0,0,0,0,3,1,0
8067,0,3,1,0,0,0,1,1,0,3,1,1,0,0,5,4,0,1,0,1,4,4,5
6116,1,1,2,5,0,5,0,1,1,4,0,1,0,1,1,0,0,0,0,0,1,2,5
1959,1,0,2,0,1,3,0,1,1,2,1,0,0,0,0,0,0,0,0,1,3,1,0
1744,0,0,2,0,1,4,0,1,0,2,1,3,0,2,0,0,0,0,0,1,3,3,0
4576,1,0,0,3,0,2,0,1,0,7,1,1,1,1,2,3,0,0,0,2,2,3,1
3223,0,0,2,0,1,0,0,1,0,2,0,1,0,0,4,0,0,0,0,1,0,3,1
6917,1,0,1,5,0,5,0,1,1,4,0,1,1,1,0,0,0,0,0,0,1,2,1
2164,0,0,0,0,1,0,0,1,0,10,0,1,0,0,0,2,0,0,0,1,3,3,1
3626,0,0,0,3,1,0,0,1,0,2,0,1,0,0,1,5,0,0,0,1,3,3,1
5459,1,0,0,3,0,2,0,1,0,7,1,1,1,1,1,1,0,0,0,2,2,3,0
6397,1,0,2,0,0,1,0,1,1,4,0,1,0,0,0,2,0,0,0,0,1,2,1
981,0,1,1,2,1,4,0,1,0,1,1,2,0,0,0,0,0,0,0,1,0,1,6
4090,1,1,0,3,0,2,0,1,0,7,1,1,1,1,3,1,0,0,0,2,2,2,1
7990,1,2,2,0,0,2,0,1,1,4,0,1,1,0,1,2,0,0,0,0,1,2,2
1803,0,1,2,0,1,0,0,1,0,7,0,1,0,0,1,0,0,0,0,1,3,2,1
6328,1,1,1,0,0,2,0,1,1,4,0,1,0,0,1,0,0,0,0,0,1,2,5
6584,1,0,1,0,0,5,0,1,1,4,0,1,1,1,1,2,0,0,0,0,1,2,5
4204,1,0,2,3,0,2,0,1,0,5,1,1,1,1,3,2,0,0,0,2,2,3,2
7746,0,1,1,1,0,0,0,0,0,7,1,1,1,1,0,0,0,0,1,1,1,5,0
364,0,1,1,2,1,6,0,1,0,2,1,2,0,0,0,0,0,0,0,1,0,5,0
7151,1,0,1,5,0,2,0,1,1,4,0,1,1,1,0,2,0,0,0,0,1,2,5
7086,0,3,0,3,0,0,0,0,0,2,1,1,1,0,0,0,0,0,1,1,1,1,0
2334,0,1,2,5,1,0,0,1,0,10,0,1,0,0,1,5,0,0,0,1,3,3,1
1809,0,1,0,3,0,0,0,0,0,7,0,0,2,0,0,0,0,0,0,0,3,1,0
1728,0,1,2,0,1,6,0,1,0,3,1,3,0,2,0,0,0,0,0,1,0,1,0
5589,1,1,2,0,0,1,0,1,1,4,0,1,1,1,0,0,0,0,0,0,1,2,5
3335,0,0,2,0,1,0,0,1,0,2,0,1,0,0,4,2,0,0,0,1,0,2,1
5326,1,1,2,0,0,5,0,1,1,4,0,1,1,0,1,0,0,0,0,0,1,2,5
4419,0,1,1,4,1,0,0,1,0,6,1,1,0,0,0,0,0,0,1,0,1,4,3
5171,1,0,1,4,1,2,0,1,0,5,0,1,2,0,0,0,0,0,0,1,2,2,0
2647,0,0,0,1,0,0,0,0,0,5,0,0,0,3,0,0,0,0,0,0,0,1,0
2364,0,1,0,5,1,0,0,1,0,2,0,1,0,0,0,5,0,0,0,1,0,2,1
7220,0,1,1,3,0,0,0,0,0,2,1,1,0,1,0,0,0,0,1,1,1,5,0
6672,1,1,2,5,0,5,0,1,1,4,0,1,0,1,0,0,0,0,0,0,1,2,1
6705,1,1,1,0,0,1,0,1,1,4,0,1,0,0,1,2,0,0,0,0,1,2,1
2159,0,1,0,5,1,0,0,1,0,10,0,1,0,0,0,5,0,0,0,1,0,2,1
4467,1,0,2,2,0,2,0,1,0,5,1,1,1,1,2,1,0,0,0,2,2,3,0
1319,0,1,1,1,0,0,0,0,0,7,0,0,0,0,0,0,0,0,0,0,0,1,0
3448,0,1,0,0,1,0,0,1,0,10,0,1,0,0,0,5,0,0,0,1,3,2,1
828,0,1,1,1,1,4,0,1,0,1,1,2,0,0,0,0,0,0,0,1,3,1,6
3123,0,1,2,5,1,0,0,1,0,3,0,1,0,0,0,5,0,0,0,1,0,2,1
4600,1,0,0,3,0,2,0,1,0,7,1,1,1,1,1,3,0,0,0,2,2,3,1
6922,1,2,1,5,0,1,0,1,1,4,0,1,1,0,1,2,0,0,0,0,1,2,1
6660,0,3,0,3,0,0,0,0,0,7,1,1,0,1,0,0,0,0,1,1,1,1,0
10,0,1,2,2,1,4,0,1,0,1,1,2,0,0,0,0,0,0,0,1,3,5,0
5068,1,1,0,2,0,2,0,1,0,5,1,1,1,1,3,1,0,0,0,2,2,2,0
5107,1,0,3,1,1,0,0,0,1,2,1,1,0,0,0,0,0,0,0,1,1,4,5
672,0,0,0,0,0,0,0,0,0,7,0,0,0,0,0,0,0,0,0,0,0,0,0
4154,0,0,0,5,1,0,0,1,0,7,0,1,0,0,0,2,0,0,0,1,3,2,1
3519,0,0,2,5,1,0,0,1,0,3,0,1,0,0,1,0,0,0,0,1,0,2,1
2473,0,1,2,3,1,0,0,1,0,2,0,1,0,0,1,0,0,0,0,1,3,2,1
2635,0,0,2,5,1,0,0,1,0,7,0,1,0,0,1,5,0,0,0,1,3,2,1
5756,1,1,2,3,0,2,0,1,0,1,1,1,1,1,3,1,0,0,0,2,2,2,0
4959,1,0,0,3,0,2,0,1,0,1,1,1,1,1,1,2,0,0,0,2,2,3,2
7690,1,2,1,5,0,1,0,1,1,4,0,1,1,0,1,2,0,0,0,0,1,2,5
6559,1,1,1,0,0,1,0,1,1,4,0,1,0,0,1,0,0,0,0,0,1,2,5
5540,0,1,2,4,1,0,0,1,0,6,1,1,0,0,0,0,0,0,1,0,1,4,3
3885,1,1,0,3,0,7,0,0,1,1,1,1,0,0,0,0,0,0,0,1,3,1,1
7725,0,1,0,1,0,0,0,0,0,1,1,1,0,0,0,0,0,0,1,1,1,5,0
4402,1,0,0,3,0,2,0,1,0,5,1,1,1,1,1,3,0,0,0,2,2,2,0
6144,1,1,2,5,0,2,0,1,1,4,0,1,1,1,1,2,0,0,0,0,1,2,2
4810,1,1,2,2,0,2,0,1,0,7,1,1,1,1,1,3,0,0,0,2,2,3,1
3401,0,0,2,0,1,0,0,1,0,3,0,1,0,0,4,5,0,0,0,1,3,3,1
3908,1,0,0,2,0,2,0,1,0,5,1,1,1,1,1,1,0,0,0,2,2,2,1
1302,0,0,1,1,0,0,0,0,0,5,0,0,0,3,0,0,0,0,0,0,3,1,0
6652,1,0,2,5,0,5,0,1,1,4,0,1,1,0,0,0,0,0,0,0,1,2,2
2867,0,1,2,0,1,0,0,1,0,10,0,1,0,0,1,2,0,0,0,1,3,3,1
6753,1,0,2,0,0,5,0,1,1,4,0,1,1,0,0,2,0,0,0,0,1,2,1
4781,1,0,0,3,0,2,0,1,0,1,1,1,1,1,3,2,0,0,0,2,2,3,2
2188,0,1,0,3,1,0,0,1,0,2,0,1,0,0,4,2,0,0,0,1,0,2,1
2447,0,0,0,0,1,0,0,1,0,7,0,1,0,0,0,0,0,0,0,1,3,3,1
4960,1,1,2,3,0,2,0,1,0,5,1,1,1,1,1,1,0,0,0,2,2,3,1
5729,1,1,1,1,1,2,0,1,0,5,0,1,0,0,0,0,0,0,0,1,2,2,0
1716,0,1,2,1,1,4,0,1,0,2,1,2,0,0,0,0,0,0,0,1,0,5,0
6680,1,0,2,0,0,1,0,1,1,4,0,1,0,1,1,0,0,0,0,0,1,2,5
5786,1,1,2,3,0,2,0,1,0,5,1,1,1,1,3,3,0,0,0,2,2,2,0
7451,1,2,1,0,0,2,0,1,1,4,0,1,1,1,0,0,0,0,0,0,1,2,2
5925,1,0,2,3,0,2,0,1,0,5,1,1,1,1,2,2,0,0,0,2,2,3,2
7902,1,2,1,0,0,1,0,1,1,4,0,1,0,1,1,0,0,0,0,0,1,2,2
7202,0,3,0,1,0,0,0,0,0,7,1,1,1,0,0,0,0,0,1,1,1,1,0
24,0,3,1,1,1,4,0,1,0,1,1,2,0,0,0,0,0,0,0,1,0,1,6
2881,0,1,1,1,0,0,0,0,0,0,0,0,0,3,0,0,0,0,0,0,0,1,0
4318,1,0,2,3,0,2,0,1,0,1,1,1,1,1,3,2,0,0,0,2,2,3,1
762,0,1,1,1,1,4,0,1,0,1,1,2,0,0,0,0,0,0,0,1,3,5,0
6415,1,1,2,5,0,8,0,1,0,2,1,2,1,2,6,6,0,0,2,4,1,4,1
5175,0,1,1,7,1,0,0,1,0,2,1,1,0,0,0,0,0,0,1,0,1,4,3
3310,0,0,2,5,1,0,0,1,0,3,0,1,0,0,1,0,0,0,0,1,3,2,1
7676,1,2,1,0,0,2,0,1,1,4,0,1,0,0,1,0,0,0,0,0,1,2,1
7373,0,3,1,3,0,0,0,0,0,7,1,1,0,1,0,0,0,0,1,1,1,1,0
6121,1,1,1,5,0,1,0,1,1,4,0,1,0,1,0,2,0,0,0,0,1,2,2
676,0,0,0,3,0,0,0,1,1,0,1,0,0,0,0,0,0,0,0,1,3,2,4
2520,0,1,0,5,1,0,0,1,0,7,0,1,0,0,1,2,0,0,0,1,0,2,1
7909,0,1,0,3,0,0,0,0,0,7,1,1,0,0,0,0,0,0,1,1,1,1,0
2551,0,0,0,0,1,0,0,1,0,7,0,1,0,0,0,5,0,0,0,1,0,3,1
21,1,1,2,0,1,3,0,1,1,3,1,0,0,0,0,0,0,0,0,1,3,2,0
5629,1,0,1,4,1,2,0,1,0,7,0,1,2,0,0,0,0,0,0,1,2,2,0
9,0,3,1,2,1,6,0,1,0,1,1,2,0,0,0,0,0,0,0,1,0,1,6
1459,1,0,1,1,1,3,0,1,1,0,1,0,0,0,0,0,0,0,0,1,3,1,4
2780,0,0,0,0,1,0,0,1,0,10,0,1,0,0,4,2,0,0,0,1,0,3,1
1881,0,1,0,1,0,0,0,0,0,0,0,0,0,0,0,0,0,0,0,0,3,0,0
8109,0,3,1,1,0,0,0,0,0,2,1,1,0,0,0,0,0,0,1,1,1,5,0
2378,0,1,1,3,0,0,0,0,0,7,0,0,0,3,0,0,0,0,0,0,3,1,0
738,0,1,1,1,1,4,0,1,0,1,1,2,0,0,0,0,0,0,0,1,0,1,0
5842,1,0,1,3,1,2,0,1,0,5,0,1,0,3,0,0,0,0,0,1,2,2,0
2022,0,1,0,0,1,0,0,1,0,10,0,1,0,0,0,5,0,0,0,1,3,3,1
3286,0,1,2,0,1,0,0,1,0,10,0,1,0,0,0,0,0,0,0,1,3,2,1
3994,1,1,0,3,0,7,0,1,1,10,1,1,0,0,0,0,0,0,0,1,3,2,1
4474,1,0,2,2,0,2,0,1,0,5,1,1,1,1,3,1,0,0,0,2,2,2,0
1154,1,1,2,1,1,3,0,1,1,3,1,0,0,0,0,0,0,0,0,1,0,2,0
4379,0,0,2,5,1,0,0,1,0,3,0,1,0,0,1,5,0,0,0,1,0,2,1
5503,0,2,1,7,1,0,0,1,0,2,1,1,0,0,0,0,0,0,1,0,1,4,3
4895,1,1,0,2,0,2,0,1,0,1,1,1,1,1,2,1,0,0,0,2,2,3,2
5438,1,0,0,3,0,2,0,1,0,7,1,1,1,1,1,2,0,0,0,2,2,2,0
2466,0,0,0,0,1,0,0,1,0,7,0,1,0,0,4,2,0,0,0,1,3,2,1
6255,1,1,2,5,0,1,0,1,1,4,0,1,0,1,0,0,0,0,0,0,1,2,1
2100,0,1,2,3,1,0,0,1,0,7,0,1,0,0,0,5,0,0,0,1,0,3,1
927,1,1,2,0,1,3,0,1,1,2,1,0,0,0,0,0,0,0,0,1,0,1,4
1891,0,1,0,1,0,0,0,0,0,5,0,0,2,3,0,0,0,0,0,0,3,0,0
6916,1,2,1,5,0,5,0,1,1,4,0,1,0,1,1,2,0,0,0,0,1,2,2
6728,1,1,1,5,0,5,0,1,1,4,0,1,1,0,0,2,0,0,0,0,1,2,1
39,0,3,1,2,1,4,0,1,0,0,1,2,0,0,0,0,0,0,0,1,0,1,6
3470,0,0,0,5,1,0,0,1,0,10,0,1,0,0,4,2,0,0,0,1,3,3,1
3477,1,1,0,3,0,7,0,1,1,7,1,1,0,0,0,0,0,0,0,1,0,1,1
4533,0,1,2,8,0,0,0,1,1,5,1,1,0,3,0,0,0,0,0,3,2,2,1
5918,1,1,1,3,1,2,0,1,0,7,0,1,2,3,0,0,0,0,0,1,2,2,4
1237,0,0,0,3,0,0,0,0,0,5,0,0,0,3,0,0,0,0,0,0,3,1,0
600,0,1,1,3,0,0,0,0,0,3,0,0,0,3,0,0,0,0,0,0,3,0,0
3829,1,1,0,3,0,2,0,1,0,7,1,1,1,1,2,3,0,0,0,2,2,3,0
4062,0,0,2,5,1,0,0,1,0,7,0,1,0,0,0,0,0,0,0,1,0,3,1
1130,1,0,1,0,1,3,0,1,1,7,1,0,0,0,0,0,0,0,0,1,3,2,4
6587,1,0,2,5,0,1,0,1,1,4,0,1,0,1,0,0,0,0,0,0,1,2,5
5667,1,1,0,3,0,2,0,1,0,7,1,1,1,1,1,2,0,0,0,2,2,3,2
6025,1,1,1,0,0,5,0,1,1,4,0,1,1,1,0,0,0,0,0,0,1,2,2
7336,1,0,2,5,0,8,0,1,0,2,1,2,1,2,6,6,0,0,2,4,1,4,1
7021,1,0,1,5,0,5,0,1,1,4,0,1,1,1,1,0,0,0,0,0,1,2,1
914,0,1,1,3,0,0,0,0,0,0,0,0,0,0,0,0,0,0,0,0,0,1,0
4237,1,0,0,2,0,2,0,1,0,5,1,1,1,1,3,1,0,0,0,2,2,2,1
3775,1,1,0,3,0,2,0,1,0,5,1,1,1,1,2,1,0,0,0,2,2,3,2
7907,0,3,0,1,0,0,0,0,0,2,1,1,0,0,0,0,0,0,1,1,1,1,0
3023,0,0,2,5,1,0,0,1,0,10,0,1,0,0,4,2,0,0,0,1,3,2,1
773,0,1,1,2,1,6,0,0,1,7,0,1,0,0,0,0,0,0,0,1,3,2,1
5934,1,0,1,4,1,2,0,1,0,2,0,1,0,0,0,0,0,0,0,1,2,1,0
3748,0,0,0,5,1,0,0,1,0,2,0,1,0,0,0,0,0,0,0,1,3,2,1
3135,0,0,2,5,1,0,0,1,0,7,0,1,0,0,0,2,0,0,0,1,0,3,1
1558,0,0,1,3,0,0,0,0,0,7,0,0,0,3,0,0,0,0,0,0,3,0,0
1339,0,0,0,1,0,0,0,0,0,0,0,0,2,0,0,0,0,0,0,0,0,1,0
5718,1,0,1,3,1,2,0,1,0,7,0,1,0,0,0,0,0,0,0,1,2,1,0
6513,1,1,1,5,0,1,0,1,1,4,0,1,0,0,1,2,0,0,0,0,1,2,1
2717,0,0,0,5,1,0,0,1,0,2,0,1,0,0,4,2,0,0,0,1,3,2,1
7424,1,2,2,5,0,2,0,1,1,4,0,1,0,0,1,0,0,0,0,0,1,2,2
3934,1,0,0,2,0,2,0,1,0,5,1,1,1,1,3,3,0,0,0,2,2,2,2
5561,1,0,2,2,0,2,0,1,0,7,1,1,1,1,1,1,0,0,0,2,2,2,2
2556,0,1,2,5,1,0,0,1,0,2,0,1,0,0,1,5,0,0,0,1,3,2,1
5789,1,3,1,7,1,0,0,1,0,2,1,1,0,0,0,0,0,0,1,1,6,2,6
5436,0,1,2,8,0,0,0,1,1,7,1,1,0,3,0,0,0,0,0,3,2,3,1
60,0,5,0,3,0,0,0,1,1,0,1,0,0,0,0,0,0,0,0,1,3,2,4
3567,1,1,0,3,0,2,0,1,0,7,1,1,1,1,3,2,0,0,0,2,2,2,2
2464,0,0,0,0,1,0,0,1,0,10,0,1,0,0,1,0,0,0,0,1,3,3,1
7602,0,1,1,0,1,0,0,1,0,2,1,1,0,0,0,0,0,0,1,1,1,3,2
1607,0,1,1,0,0,0,0,0,0,3,0,0,0,0,0,0,0,0,0,0,3,1,0
1207,1,0,2,1,1,3,0,1,1,7,1,0,0,0,0,0,0,0,0,1,0,1,4
7820,1,2,2,5,0,8,0,1,0,2,1,2,1,2,6,6,0,0,2,4,1,4,1
2098,1,1,1,1,1,3,0,1,1,3,1,0,0,0,0,0,0,0,0,1,0,1,0
5593,1,0,2,7,1,0,0,1,0,9,1,1,0,0,0,0,0,0,1,1,6,2,6
7852,1,2,2,0,0,5,0,1,1,4,0,1,0,1,0,0,0,0,0,0,1,2,5
4428,1,1,0,2,0,2,0,1,0,7,1,1,1,1,2,3,0,0,0,2,2,2,0
1946,0,0,0,0,0,0,0,0,0,7,0,0,2,3,0,0,0,0,0,0,3,1,0
134,0,0,1,1,1,6,0,0,1,7,0,1,0,0,0,0,0,0,0,1,3,2,1
5571,1,3,2,1,1,0,0,1,0,9,1,1,0,0,0,0,0,0,1,1,6,2,6
1223,0,0,0,0,0,0,0,0,0,5,0,0,2,3,0,0,0,0,0,0,0,1,0
3980,1,0,2,3,0,2,0,1,0,7,1,1,1,1,3,1,0,0,0,2,2,2,0
7363,1,2,2,5,0,1,0,1,1,4,0,1,0,0,0,2,0,0,0,0,1,2,2
3702,0,0,2,5,1,0,0,1,0,2,0,1,0,0,4,0,0,0,0,1,0,3,1
2856,0,1,2,5,1,0,0,1,0,10,0,1,0,0,0,0,0,0,0,1,3,3,1
4231,1,1,2,2,0,2,0,1,0,7,1,1,1,1,1,2,0,0,0,2,2,3,2
2477,0,1,2,3,1,0,0,1,0,10,0,1,0,0,0,5,0,0,0,1,0,3,1
7980,1,2,1,5,0,2,0,1,1,4,0,1,1,0,0,0,0,0,0,0,1,2,1
6581,1,0,2,0,0,5,0,1,1,4,0,1,0,0,1,0,0,0,0,0,1,2,1
2751,0,1,0,3,1,0,0,1,0,7,0,1,0,0,1,2,0,0,0,1,3,3,1
609,0,0,0,3,0,0,0,1,1,3,1,0,0,0,0,0,0,0,0,1,0,2,4
7729,0,1,1,0,0,0,1,1,0,11,1,1,0,0,5,4,0,2,0,1,4,4,5
1613,1,0,1,1,1,3,0,1,1,7,1,0,0,0,0,0,0,0,0,1,0,1,4
3971,1,1,0,3,0,2,0,1,0,7,1,1,1,1,3,3,0,0,0,2,2,3,2
7300,0,1,1,3,1,0,0,1,0,2,1,1,0,0,0,0,0,0,1,1,1,3,2
6056,1,0,1,5,0,2,0,1,1,4,0,1,0,0,1,2,0,0,0,0,1,2,1
6087,1,1,1,5,0,5,0,1,1,4,0,1,0,0,1,0,0,0,0,0,1,2,5
351,0,0,2,0,1,6,0,1,0,7,1,3,0,2,0,0,0,0,0,1,3,1,2
7205,0,2,1,0,0,0,1,1,0,8,1,1,0,0,5,4,0,1,0,1,5,4,5
3584,0,0,2,0,1,0,0,1,0,2,0,1,0,0,4,0,0,0,0,1,3,2,1
7380,1,2,1,0,0,2,0,1,1,4,0,1,0,0,0,2,0,0,0,0,1,2,1
1169,0,3,1,1,1,6,0,1,0,1,1,2,0,0,0,0,0,0,0,1,3,5,6
1386,0,0,0,0,0,0,0,0,0,0,0,0,0,0,0,0,0,0,0,0,3,1,0
5578,0,1,2,6,0,0,0,0,1,2,1,1,0,0,0,1,0,0,0,0,1,2,5
6493,1,0,1,5,0,5,0,1,1,4,0,1,1,1,1,0,0,0,0,0,1,2,5
1571,0,1,0,1,0,0,0,0,0,0,0,0,0,3,0,0,0,0,0,0,0,0,0
5793,1,3,2,1,1,0,0,1,0,1,1,1,0,0,0,0,0,0,1,1,6,2,0
5581,1,1,2,0,0,2,0,1,1,4,0,1,1,1,1,2,0,0,0,0,1,2,1
3985,1,0,0,3,0,2,0,1,0,1,1,1,1,1,2,2,0,0,0,2,2,3,0
1050,0,1,0,5,1,0,0,1,0,2,0,1,0,0,0,0,0,0,0,1,0,2,1
5321,1,1,2,0,0,5,0,1,1,4,0,1,0,0,0,2,0,0,0,0,1,2,5
1842,0,1,2,3,1,0,0,1,0,7,0,1,0,0,0,2,0,0,0,1,0,2,1
6870,1,1,1,5,0,2,0,1,1,4,0,1,0,1,1,2,0,0,0,0,1,2,5
5865,0,0,2,4,1,0,0,1,0,2,1,1,0,0,7,7,0,0,1,0,1,4,3
6506,1,0,2,5,0,2,0,1,1,4,0,1,0,0,1,2,0,0,0,0,1,2,2
2143,0,1,2,5,1,0,0,1,0,3,0,1,0,0,0,0,0,0,0,1,0,3,1
172,0,1,0,2,1,4,0,0,1,3,0,1,0,0,0,0,0,0,0,1,7,2,1
3764,0,0,2,0,1,0,0,1,0,10,0,1,0,0,0,2,0,0,0,1,0,3,1
5560,1,1,1,1,1,2,0,1,0,7,0,1,0,0,0,0,0,0,0,1,2,2,0
3940,1,1,0,2,0,2,0,1,0,5,1,1,1,1,3,3,0,0,0,2,2,2,0
1511,0,0,1,3,0,0,0,0,0,0,0,0,0,0,0,0,0,0,0,0,0,1,0
7775,1,2,2,5,0,2,0,1,1,4,0,1,1,0,1,0,0,0,0,0,1,2,5
5187,1,0,0,2,0,2,0,1,0,5,1,1,1,1,2,2,0,0,0,2,2,3,1
7236,0,3,1,3,0,0,0,0,0,7,1,1,1,1,0,0,0,0,1,1,1,5,0
2402,0,1,0,3,1,0,0,1,0,7,0,1,0,0,4,2,0,0,0,1,0,2,1
860,0,0,2,0,1,4,0,1,0,2,1,3,0,2,0,0,0,0,0,1,3,3,2
3451,1,1,0,3,0,2,0,1,0,7,1,1,1,1,1,3,0,0,0,2,2,3,0
3801,1,1,1,3,0,7,0,1,1,7,1,1,0,0,0,0,0,0,0,1,0,1,1
3489,0,0,2,3,1,0,0,1,0,2,0,1,0,0,4,5,0,0,0,1,0,3,1
5006,1,1,0,2,0,2,0,1,0,1,1,1,1,1,2,1,0,0,0,2,2,2,0
6003,1,1,1,0,0,2,0,1,1,4,0,1,1,1,0,0,0,0,0,0,1,2,2
7694,1,2,1,5,0,2,0,1,1,4,0,1,0,0,0,2,0,0,0,0,1,2,1
3463,1,1,0,1,0,7,0,0,1,3,1,1,0,0,0,0,0,0,0,1,0,1,1
3842,0,0,0,5,1,0,0,1,0,3,0,1,0,0,4,2,0,0,0,1,0,3,1
1883,0,1,0,0,1,0,0,1,0,10,0,1,0,0,4,5,0,0,0,1,3,3,1
4666,1,1,0,2,0,2,0,1,0,7,1,1,1,1,1,2,0,0,0,2,2,3,2
1914,0,0,0,3,0,0,0,0,0,7,0,0,2,0,0,0,0,0,0,0,3,0,0
4126,1,1,2,2,0,2,0,1,0,5,1,1,1,1,3,2,0,0,0,2,2,2,2
1216,0,1,1,1,0,0,0,0,0,7,0,0,2,3,0,0,0,0,0,0,3,0,0
5475,1,1,2,2,0,2,0,1,0,1,1,1,1,1,1,1,0,0,0,2,2,2,1
1208,0,0,1,1,0,0,0,0,0,5,0,0,2,0,0,0,0,0,0,0,0,0,0
7641,0,3,1,3,0,0,0,0,0,7,1,1,1,0,0,0,0,0,1,1,1,1,0
4755,1,1,2,3,0,2,0,1,0,1,1,1,1,1,3,2,0,0,0,2,2,3,2
3564,0,1,2,0,1,0,0,1,0,2,0,1,0,0,4,0,0,0,0,1,3,3,1
4338,1,1,2,3,0,2,0,1,0,1,1,1,1,1,2,3,0,0,0,2,2,2,1
5909,1,0,0,3,0,2,0,1,0,7,1,1,1,1,1,1,0,0,0,2,2,3,2
8119,0,2,1,0,0,0,1,1,0,8,1,1,0,0,5,4,0,1,0,1,4,4,5
7291,1,2,2,0,0,2,0,1,1,4,0,1,1,0,1,0,0,0,0,0,1,2,5
1978,0,0,0,0,0,0,0,0,0,7,0,0,2,3,0,0,0,0,0,0,3,0,0
2109,0,0,0,3,1,0,0,1,0,7,0,1,0,0,0,0,0,0,0,1,0,2,1
6561,1,0,1,0,0,2,0,1,1,4,0,1,0,1,0,2,0,0,0,0,1,2,1
1952,0,1,0,3,1,0,0,1,0,7,0,1,0,0,4,2,0,0,0,1,0,3,1
1326,0,3,1,2,1,4,0,1,0,1,1,2,0,0,0,0,0,0,0,1,0,5,0
3421,1,1,0,3,0,7,0,0,1,1,1,1,0,0,0,0,0,0,0,1,0,2,1
5235,1,0,2,2,0,2,0,1,0,7,1,1,1,1,2,3,0,0,0,2,2,2,1
6661,1,1,1,0,0,1,0,1,1,4,0,1,1,0,0,0,0,0,0,0,1,2,2
4322,1,1,0,2,0,2,0,1,0,1,1,1,1,1,3,2,0,0,0,2,2,3,2
7773,1,2,1,0,0,1,0,1,1,4,0,1,1,1,1,2,0,0,0,0,1,2,1
4578,1,0,2,3,0,2,0,1,0,5,1,1,1,1,1,1,0,0,0,2,2,3,1
1712,0,1,0,0,1,0,0,1,0,2,0,1,0,0,4,2,0,0,0,1,3,2,1
7408,1,2,2,5,0,1,0,1,1,4,0,1,0,0,1,0,0,0,0,0,1,2,5
445,0,1,2,0,1,4,0,1,0,7,1,3,0,2,0,0,0,0,0,1,0,1,0
398,0,1,0,3,0,0,0,1,1,3,1,0,0,0,0,0,0,0,0,1,0,2,4
887,0,0,2,2,1,6,0,1,0,3,1,3,0,2,0,0,0,0,0,1,3,3,0
5363,1,0,2,2,0,2,0,1,0,7,1,1,1,1,1,2,0,0,0,2,2,3,1
7505,1,2,1,0,0,1,0,1,1,4,0,1,1,0,1,2,0,0,0,0,1,2,2
1342,1,0,1,1,1,3,0,1,1,2,1,0,0,0,0,0,0,0,0,1,0,1,4
116,0,5,0,3,0,0,0,1,1,7,1,0,0,0,0,0,0,0,0,1,3,3,4
1258,0,0,1,1,0,0,0,0,0,5,0,0,2,0,0,0,0,0,0,0,3,0,0
740,0,1,0,0,0,0,0,1,1,7,1,0,0,0,0,0,0,0,0,1,0,2,4
7145,1,1,2,5,0,2,0,1,1,4,0,1,0,1,0,0,0,0,0,0,1,2,5
5852,1,0,2,2,0,2,0,1,0,1,1,1,1,1,1,2,0,0,0,2,2,3,0
368,0,3,2,2,1,6,0,1,0,1,1,2,0,0,0,0,0,0,0,1,3,5,0
1062,0,1,1,3,0,0,0,0,0,0,0,0,2,0,0,0,0,0,0,0,3,1,0
4399,1,0,0,2,0,2,0,1,0,5,1,1,1,1,1,1,0,0,0,2,2,3,0
2514,0,0,0,3,1,0,0,1,0,7,0,1,0,0,1,2,0,0,0,1,3,3,1
4340,1,1,2,3,0,2,0,1,0,1,1,1,1,1,1,1,0,0,0,2,2,3,0
6914,0,3,1,3,0,0,0,0,0,1,1,1,1,1,0,0,0,0,1,1,1,5,0
3363,1,1,0,3,0,2,0,1,0,5,1,1,1,1,2,1,0,0,0,2,2,3,0
6477,1,1,1,5,0,1,0,1,1,4,0,1,0,0,0,0,0,0,0,0,1,2,2
4173,1,0,0,2,0,2,0,1,0,1,1,1,1,1,3,3,0,0,0,2,2,3,2
1637,1,0,1,1,1,3,0,1,1,3,1,0,0,0,0,0,0,0,0,1,0,2,0
237,0,3,2,2,1,4,0,1,0,3,1,2,0,0,0,0,0,0,0,1,3,1,0
1729,0,1,1,3,0,0,0,0,0,3,0,0,2,3,0,0,0,0,0,0,3,0,0
1353,0,0,1,0,0,0,0,0,0,0,0,0,0,3,0,0,0,0,0,0,3,0,0
4745,1,0,0,2,0,2,0,1,0,1,1,1,1,1,2,2,0,0,0,2,2,2,1
2094,0,0,0,0,0,0,0,0,0,0,0,0,2,3,0,0,0,0,0,0,0,1,0
6718,1,1,1,0,0,1,0,1,1,4,0,1,0,1,1,0,0,0,0,0,1,2,2
4767,1,0,0,3,0,2,0,1,0,1,1,1,1,1,1,3,0,0,0,2,2,3,2
2774,0,1,0,5,1,0,0,1,0,7,0,1,0,0,1,5,0,0,0,1,0,2,1
2851,0,1,0,5,1,0,0,1,0,2,0,1,0,0,4,2,0,0,0,1,3,3,1
447,0,0,2,0,1,4,0,1,0,3,1,3,0,2,0,0,0,0,0,1,0,1,0
4372,1,1,0,2,0,2,0,1,0,7,1,1,1,1,3,2,0,0,0,2,2,2,0
424,0,1,1,1,1,4,0,1,0,3,1,2,0,0,0,0,0,0,0,1,3,5,6
1414,0,0,0,1,0,0,0,0,0,0,0,0,2,0,0,0,0,0,0,0,3,0,0
3959,1,1,1,3,1,2,0,1,0,2,0,1,2,0,0,0,0,0,0,1,2,2,4
8058,1,2,1,5,0,5,0,1,1,4,0,1,0,1,0,2,0,0,0,0,1,2,5
1299,0,0,1,1,0,0,0,0,0,3,0,0,0,0,0,0,0,0,0,0,3,0,0
666,0,0,2,0,1,6,0,1,0,2,1,3,0,2,0,0,0,0,0,1,3,1,0
2066,0,1,2,5,1,0,0,1,0,7,0,1,0,0,1,2,0,0,0,1,3,2,1
2047,0,1,0,0,0,0,0,0,0,5,0,0,2,0,0,0,0,0,0,0,0,1,0
1191,0,1,1,2,1,4,0,1,0,2,1,2,0,0,0,0,0,0,0,1,3,1,6
3113,0,0,2,5,1,0,0,1,0,3,0,1,0,0,4,2,0,0,0,1,0,2,1
6180,1,0,2,5,0,2,0,1,1,4,0,1,0,0,1,2,0,0,0,0,1,2,5
7722,1,0,1,0,0,5,0,1,1,4,0,1,1,0,1,0,0,0,0,0,1,2,2
4571,1,1,2,2,0,2,0,1,0,5,1,1,1,1,1,2,0,0,0,2,2,3,1
6417,1,0,2,5,0,1,0,1,1,4,0,1,0,0,0,0,0,0,0,0,1,2,1
1956,0,1,0,0,0,0,0,0,0,0,0,0,0,0,0,0,0,0,0,0,0,1,0
7156,1,2,2,5,0,5,0,1,1,4,0,1,1,0,0,2,0,0,0,0,1,2,5
2119,0,1,2,3,1,0,0,1,0,10,0,1,0,0,4,0,0,0,0,1,0,2,1
3689,0,0,2,3,1,0,0,1,0,7,0,1,0,0,0,0,0,0,0,1,3,2,1
551,0,1,0,3,0,0,0,0,0,5,0,0,2,0,0,0,0,0,0,0,3,1,0
1221,0,1,1,3,0,0,0,0,0,0,0,0,2,3,0,0,0,0,0,0,3,1,0
1320,0,0,0,0,1,0,0,1,0,3,0,1,0,0,0,2,0,0,0,1,3,3,1
1962,0,1,0,5,1,0,0,1,0,10,0,1,0,0,4,5,0,0,0,1,0,2,1
4260,1,0,0,3,0,2,0,1,0,1,1,1,1,1,3,3,0,0,0,2,2,3,0
5044,1,0,1,4,1,2,0,1,0,2,0,1,2,0,0,0,0,0,0,1,2,2,0
2855,0,1,2,3,1,0,0,1,0,2,0,1,0,0,4,5,0,0,0,1,3,2,1
1548,0,1,2,2,1,6,0,1,0,2,1,3,0,2,0,0,0,0,0,1,0,3,0
1146,0,0,1,3,0,0,0,0,0,0,0,0,2,0,0,0,0,0,0,0,0,1,0
1767,0,1,1,0,0,0,0,0,0,0,0,0,0,0,0,0,0,0,0,0,3,1,0
7963,1,2,2,0,0,2,0,1,1,4,0,1,0,1,0,2,0,0,0,0,1,2,1
3284,1,1,0,3,0,2,0,1,0,7,1,1,1,1,3,2,0,0,0,2,2,2,1
2543,0,1,0,3,1,0,0,1,0,10,0,1,0,0,0,2,0,0,0,1,3,2,1
1801,0,1,0,3,0,0,0,0,0,5,0,0,0,3,0,0,0,0,0,0,3,0,0
5269,0,2,1,0,1,0,0,1,0,6,1,1,0,0,7,7,0,0,1,0,1,4,3
4305,0,0,2,3,1,0,0,1,0,2,0,1,0,0,1,0,0,0,0,1,3,3,1
2603,0,1,0,5,1,0,0,1,0,2,0,1,0,0,1,0,0,0,0,1,0,3,1
1797,0,0,1,1,0,0,0,0,0,7,0,0,2,0,0,0,0,0,0,0,3,0,0
7175,1,0,2,0,0,5,0,1,1,4,0,1,1,1,0,0,0,0,0,0,1,2,5
1930,1,0,2,1,1,3,0,1,1,2,1,0,0,0,0,0,0,0,0,1,0,1,4
1375,1,0,1,0,1,3,0,1,1,7,1,0,0,0,0,0,0,0,0,1,0,2,0
3700,0,1,2,0,1,0,0,1,0,3,0,1,0,0,0,2,0,0,0,1,3,3,1
5522,0,2,0,0,0,0,0,0,1,2,1,1,0,3,0,1,0,0,0,0,1,2,5
4967,1,0,2,7,1,0,0,1,0,1,1,1,0,0,0,0,0,0,1,1,6,2,0
6132,1,0,1,0,0,1,0,1,1,4,0,1,0,1,0,0,0,0,0,0,1,2,5
2755,0,0,0,0,1,0,0,1,0,7,0,1,0,0,0,5,0,0,0,1,3,2,1
3010,0,0,0,3,1,0,0,1,0,2,0,1,0,0,0,0,0,0,0,1,3,2,1
7886,0,0,1,0,0,0,1,1,0,11,1,1,0,0,5,4,0,1,0,1,4,2,5
5434,0,1,0,6,0,0,0,0,1,2,1,1,2,0,0,1,0,0,0,0,1,2,5
2032,0,1,0,5,1,0,0,1,0,2,0,1,0,0,1,2,0,0,0,1,0,3,1
1941,0,0,0,0,1,0,0,1,0,3,0,1,0,0,4,2,0,0,0,1,0,2,1
3360,0,0,0,5,1,0,0,1,0,3,0,1,0,0,0,0,0,0,0,1,3,2,1
968,0,1,1,0,0,0,0,0,0,0,0,0,2,3,0,0,0,0,0,0,0,1,0
4073,0,0,0,5,1,0,0,1,0,10,0,1,0,0,0,5,0,0,0,1,3,2,1
1791,0,0,1,1,0,0,0,0,0,0,0,0,2,3,0,0,0,0,0,0,0,0,0
6095,1,0,1,5,0,2,0,1,1,4,0,1,0,0,0,2,0,0,0,0,1,2,5
4486,1,0,0,3,0,2,0,1,0,1,1,1,1,1,2,3,0,0,0,2,2,2,2
2961,0,1,2,0,1,0,0,1,0,3,0,1,0,0,4,0,0,0,0,1,3,3,1
1376,0,0,0,1,0,0,0,0,0,0,0,0,0,3,0,0,0,0,0,0,0,1,0
3896,0,0,0,5,1,0,0,1,0,3,0,1,0,0,0,0,0,0,0,1,0,2,1
4235,1,0,2,3,0,2,0,1,0,5,1,1,1,1,2,1,0,0,0,2,2,3,2
329,0,3,2,1,1,6,0,1,0,1,1,2,0,0,0,0,0,0,0,1,0,5,0
6383,1,0,1,0,0,5,0,1,1,4,0,1,1,0,0,2,0,0,0,0,1,2,2
1741,0,0,0,0,0,0,0,0,0,5,0,0,0,0,0,0,0,0,0,0,3,1,0
6078,1,0,2,0,0,5,0,1,1,4,0,1,1,0,0,0,0,0,0,0,1,2,2
2775,0,1,0,5,1,0,0,1,0,7,0,1,0,0,4,2,0,0,0,1,3,3,1
1905,0,0,0,0,0,0,0,0,0,0,0,0,0,0,0,0,0,0,0,0,3,0,0
7082,1,1,2,5,0,2,0,1,1,4,0,1,0,1,0,0,0,0,0,0,1,2,1
6197,1,0,2,5,0,5,0,1,1,4,0,1,0,0,1,2,0,0,0,0,1,2,5
6041,1,0,2,5,0,1,0,1,1,4,0,1,0,0,1,2,0,0,0,0,1,2,1
6614,1,0,1,0,0,5,0,1,1,4,0,1,0,1,0,2,0,0,0,0,1,2,5
5334,1,0,1,3,1,2,0,1,0,5,0,1,2,3,0,0,0,0,0,1,2,2,4
5833,1,0,2,1,1,0,0,1,0,9,1,1,0,0,0,0,0,0,1,1,6,2,0
2329,0,1,2,5,1,0,0,1,0,2,0,1,0,0,1,0,0,0,0,1,0,3,1
5049,1,1,2,2,0,2,0,1,0,1,1,1,1,1,2,2,0,0,0,2,2,3,1
5556,0,1,1,5,1,0,0,1,0,2,1,1,0,0,7,0,0,0,1,0,1,4,3
1893,0,1,0,0,0,0,0,0,0,3,0,0,0,0,0,0,0,0,0,0,3,0,0
6145,1,0,2,5,0,5,0,1,1,4,0,1,1,0,0,0,0,0,0,0,1,2,5
4347,1,0,0,3,0,2,0,1,0,5,1,1,1,1,1,2,0,0,0,2,2,2,0
4956,1,0,2,2,0,2,0,1,0,1,1,1,1,1,2,3,0,0,0,2,2,3,0
3244,0,0,0,5,1,0,0,1,0,3,0,1,0,0,1,5,0,0,0,1,0,3,1
1047,1,0,2,0,1,3,0,1,1,3,1,0,0,0,0,0,0,0,0,1,3,1,4
208,0,3,2,1,1,4,0,1,0,3,1,2,0,0,0,0,0,0,0,1,3,5,0
3597,1,1,0,3,0,2,0,1,0,1,1,1,1,1,1,3,0,0,0,2,2,3,0
7823,0,1,0,1,0,0,0,0,0,7,1,1,1,0,0,0,0,0,1,1,1,1,0
5563,0,1,2,5,1,0,0,1,0,6,1,1,0,0,7,0,0,0,1,0,1,4,3
4223,1,1,2,3,0,2,0,1,0,7,1,1,1,1,2,3,0,0,0,2,2,3,2
2729,0,1,2,0,1,0,0,1,0,10,0,1,0,0,0,0,0,0,0,1,3,3,1
1928,0,0,1,1,0,0,0,0,0,5,0,0,0,3,0,0,0,0,0,0,0,1,0
581,0,1,1,2,1,6,0,1,0,2,1,2,0,0,0,0,0,0,0,1,3,1,6
7624,1,2,1,0,0,1,0,1,1,4,0,1,0,1,1,0,0,0,0,0,1,2,5
5562,0,1,2,0,1,0,0,1,0,6,1,1,0,0,0,0,0,0,1,0,1,4,3
5178,0,1,2,6,0,0,0,0,1,2,1,1,2,3,0,1,0,0,0,0,1,2,5
697,1,1,2,0,1,3,0,1,1,2,1,0,0,0,0,0,0,0,0,1,0,2,0
856,0,0,1,2,1,4,0,0,1,3,0,1,0,0,0,0,0,0,0,1,7,2,1
910,0,3,1,1,1,4,0,1,0,0,1,2,0,0,0,0,0,0,0,1,0,5,0
6883,1,1,2,5,0,2,0,1,1,4,0,1,1,1,1,0,0,0,0,0,1,2,1
3713,1,0,2,2,0,2,0,1,0,5,1,1,1,1,3,1,0,0,0,2,2,3,1
6990,0,2,1,3,0,0,0,0,0,7,1,1,1,1,0,0,0,0,1,1,1,5,0
3932,1,0,2,2,0,2,0,1,0,1,1,1,1,1,1,3,0,0,0,2,2,2,1
5455,1,1,2,2,0,2,0,1,0,1,1,1,1,1,2,2,0,0,0,2,2,3,0
2912,0,1,0,3,1,0,0,1,0,7,0,1,0,0,4,0,0,0,0,1,3,2,1
1254,1,0,2,0,1,3,0,1,1,0,1,0,0,0,0,0,0,0,0,1,3,1,0
4045,1,1,1,1,0,7,0,0,1,10,1,1,0,0,0,0,0,0,0,1,0,2,1
6298,1,0,1,0,0,1,0,1,1,4,0,1,1,0,0,2,0,0,0,0,1,2,2
5214,1,1,1,3,1,2,0,1,0,5,0,1,2,0,0,0,0,0,0,1,2,2,0
3111,0,0,0,3,1,0,0,1,0,2,0,1,0,0,0,2,0,0,0,1,0,3,1
1602,0,0,0,1,0,0,0,0,0,0,0,0,0,3,0,0,0,0,0,0,3,1,0
2462,0,1,2,3,1,0,0,1,0,3,0,1,0,0,4,0,0,0,0,1,0,3,1
3632,1,1,1,3,0,7,0,0,1,10,1,1,0,0,0,0,0,0,0,1,0,1,1
1865,0,1,2,5,1,0,0,1,0,2,0,1,0,0,1,5,0,0,0,1,3,3,1
5205,1,0,0,0,0,0,0,1,1,2,1,1,1,2,0,1,0,0,0,0,1,2,1
1174,0,1,0,3,0,0,0,1,1,1,1,0,0,0,0,0,0,0,0,1,0,2,4
1668,0,1,2,3,1,0,0,1,0,3,0,1,0,0,1,5,0,0,0,1,3,2,1
4701,1,1,2,2,0,2,0,1,0,7,1,1,1,1,2,2,0,0,0,2,2,2,2
594,0,1,1,2,1,6,0,1,0,1,1,2,0,0,0,0,0,0,0,1,0,5,6
6185,1,0,1,5,0,1,0,1,1,4,0,1,1,1,0,2,0,0,0,0,1,2,2
7116,0,1,2,3,1,0,0,1,0,2,1,1,0,0,0,0,0,0,1,1,1,2,2
4077,0,0,2,0,1,0,0,1,0,10,0,1,0,0,1,0,0,0,0,1,3,3,1
973,0,1,0,3,0,0,0,0,0,3,0,0,0,3,0,0,0,0,0,0,0,1,0
1294,1,0,1,1,1,3,0,1,1,7,1,0,0,0,0,0,0,0,0,1,0,2,0
5636,1,0,0,2,0,2,0,1,0,1,1,1,1,1,2,2,0,0,0,2,2,2,2
7221,0,0,1,0,0,0,1,1,0,8,1,1,0,0,5,4,0,1,0,1,5,2,5
5252,0,2,2,4,1,0,0,1,0,2,1,1,0,0,0,7,0,0,1,0,1,4,3
6557,1,0,1,0,0,5,0,1,1,4,0,1,1,1,1,0,0,0,0,0,1,2,2
4518,1,1,2,3,0,2,0,1,0,1,1,1,1,1,3,1,0,0,0,2,2,2,1
4636,1,1,2,2,0,2,0,1,0,7,1,1,1,1,1,3,0,0,0,2,2,2,2
1019,0,1,0,0,1,0,0,1,0,3,0,1,0,0,0,2,0,0,0,1,0,2,1
7142,1,0,1,0,0,5,0,1,1,4,0,1,0,0,1,2,0,0,0,0,1,2,1
659,0,0,0,3,0,0,0,1,1,0,1,0,0,0,0,0,0,0,0,1,3,3,4
1415,0,0,0,0,0,0,0,0,0,5,0,0,0,3,0,0,0,0,0,0,0,0,0
2640,0,0,0,0,1,0,0,1,0,10,0,1,0,0,4,5,0,0,0,1,0,3,1
997,0,0,1,1,1,6,0,0,1,2,0,1,0,0,0,0,0,0,0,1,7,2,1
4517,1,1,2,3,0,2,0,1,0,7,1,1,1,1,3,3,0,0,0,2,2,2,0
4361,1,1,2,2,0,2,0,1,0,1,1,1,1,1,1,2,0,0,0,2,2,3,2
8078,0,3,0,3,0,0,0,0,0,1,1,1,0,0,0,0,0,0,1,1,1,1,0
6966,1,2,2,0,0,2,0,1,1,4,0,1,0,0,1,2,0,0,0,0,1,2,1
3988,1,0,0,2,0,2,0,1,0,5,1,1,1,1,1,2,0,0,0,2,2,3,0
7678,0,3,0,3,0,0,0,0,0,1,1,1,0,1,0,0,0,0,1,1,1,1,0
2737,0,1,2,0,1,0,0,1,0,2,0,1,0,0,0,5,0,0,0,1,0,3,1
7490,0,0,1,0,0,0,1,1,0,3,1,1,0,0,5,4,0,1,0,1,5,4,5
2136,0,1,2,3,1,0,0,1,0,2,0,1,0,0,4,0,0,0,0,1,3,2,1
6888,1,1,2,5,0,5,0,1,1,4,0,1,0,0,1,2,0,0,0,0,1,2,2
6575,1,1,2,5,0,2,0,1,1,4,0,1,0,0,0,2,0,0,0,0,1,2,2
5738,1,0,2,1,1,0,0,1,0,2,1,1,0,0,0,0,0,0,1,1,6,2,0
3431,0,0,2,3,1,0,0,1,0,3,0,1,0,0,1,0,0,0,0,1,0,2,1
4527,1,1,2,2,0,2,0,1,0,1,1,1,1,1,2,1,0,0,0,2,2,2,1
459,0,0,2,0,1,6,0,1,0,2,1,3,0,2,0,0,0,0,0,1,3,3,2
1573,0,0,1,0,0,0,0,0,0,3,0,0,2,3,0,0,0,0,0,0,3,1,0
96,0,0,2,0,1,4,0,1,0,7,1,3,0,2,0,0,0,0,0,1,3,1,0
2668,0,1,0,5,1,0,0,1,0,2,0,1,0,0,4,5,0,0,0,1,3,3,1
1735,0,1,0,0,0,0,0,0,0,7,0,0,0,0,0,0,0,0,0,0,3,0,0
6818,1,2,1,5,0,2,0,1,1,4,0,1,1,1,0,2,0,0,0,0,1,2,5
2506,0,1,2,5,1,0,0,1,0,7,0,1,0,0,1,0,0,0,0,1,3,3,1
2151,0,0,0,0,1,0,0,1,0,7,0,1,0,0,4,5,0,0,0,1,0,3,1
744,0,0,2,2,1,4,0,1,0,3,1,3,0,2,0,0,0,0,0,1,3,1,2
3084,0,0,2,0,1,0,0,1,0,10,0,1,0,0,4,2,0,0,0,1,0,2,1
3716,0,0,2,0,1,0,0,1,0,2,0,1,0,0,4,5,0,0,0,1,3,3,1
1884,0,0,0,0,1,0,0,1,0,2,0,1,0,0,4,2,0,0,0,1,0,2,1
4522,1,1,2,0,0,5,0,1,1,4,0,1,0,0,1,2,0,0,0,0,1,2,5
1373,0,3,1,2,1,4,0,1,0,1,1,2,0,0,0,0,0,0,0,1,0,1,0
1878,0,0,1,0,0,0,0,0,0,5,0,0,0,0,0,0,0,0,0,0,3,1,0
745,0,1,2,1,1,4,0,1,0,3,1,2,0,0,0,0,0,0,0,1,3,5,0
5700,1,0,2,2,0,2,0,1,0,7,1,1,1,1,2,2,0,0,0,2,2,2,2
2847,0,1,0,0,1,0,0,1,0,10,0,1,0,0,1,0,0,0,0,1,0,3,1
1657,0,0,0,3,0,0,0,0,0,7,0,0,0,0,0,0,0,0,0,0,3,1,0
1906,0,0,0,0,0,0,0,0,0,7,0,0,2,3,0,0,0,0,0,0,0,0,0
1575,0,0,1,1,0,0,0,0,0,0,0,0,0,3,0,0,0,0,0,0,0,0,0